image,day,platform_id,node_name,tag_id,predicted_distance_m,predicted_side_px,u_min,u_max,v_min,v_max,corners_in_frame,fully_in_frame,detected
day1_20260820/logs/20260820_122950/mission_1_toilet_m/finish.jpg,day1_20260820,xplorer-c,toilet_m,3,0.404743,212.337786,138.66292,358.391477,267.026447,490.7711,2,no,yes
day1_20260820/logs/20260820_123335/mission_1_toilet_f/start.jpg,day1_20260820,xplorer-c,toilet_f,3,2.766216,31.06855,-116.613196,438.417056,178.553117,216.449941,2,no,no
day1_20260820/logs/20260820_123503/mission_1_cb204/start.jpg,day1_20260820,xplorer-c,cb204,3,2.713069,31.677155,11.650022,521.175499,186.929446,222.747342,4,yes,no
day1_20260820/logs/20260820_124328/mission_1_radiator/start.jpg,day1_20260820,xplorer-c,radiator,3,2.545691,33.759919,23.875916,550.456261,186.581257,225.822539,4,yes,no
day1_20260820/logs/20260820_124531/mission_1_plant_4/start.jpg,day1_20260820,xplorer-c,plant_4,1,5.197229,16.53618,-45.889996,71.770945,212.000626,224.439814,2,no,no
day1_20260820/logs/20260820_125530/mission_1_plant_5/start.jpg,day1_20260820,xplorer-c,plant_5,3,2.588305,33.204094,-494.536601,279.467108,150.013858,207.525402,2,no,no
day1_20260820/logs/20260820_125656/mission_3_junction_e1/start.jpg,day1_20260820,xplorer-c,junction_e1,1,3.091485,27.799689,620.666174,642.178549,237.80987,270.160182,2,no,no
day1_20260820/logs/20260820_125837/mission_1_plant_3/finish.jpg,day1_20260820,xplorer-c,plant_3,1,0.829789,103.571244,501.917097,622.807068,256.676923,371.481689,4,yes,yes
day1_20260820/logs/20260820_130207/mission_1_plant_1/finish.jpg,day1_20260820,xplorer-c,plant_1,1,1.106104,77.698233,467.124282,885.441414,216.492957,313.052651,2,no,no
day1_20260820/logs/20260820_130331/mission_1_cb203_entrance/start.jpg,day1_20260820,xplorer-c,cb203_entrance,1,1.106104,77.698233,467.124282,885.441414,216.492957,313.052651,2,no,no
day1_20260820/logs/20260820_130331/mission_1_cb203_entrance/finish.jpg,day1_20260820,xplorer-c,cb203_entrance,4,0.833628,103.094321,151.703577,258.071331,255.997538,361.830776,4,yes,no
day1_20260820/logs/20260820_130509/mission_1_cb203_exit/finish.jpg,day1_20260820,xplorer-c,cb203_exit,3,8.469693,10.14704,96.426812,107.012447,233.600464,244.446812,4,yes,no
day1_20260820/logs/20260820_140042/mission_1_cb202/start.jpg,day1_20260820,xplorer-b,cb202,3,2.861996,30.028796,43.453399,496.638333,193.850606,217.998056,4,yes,no
day1_20260820/logs/20260820_141007/mission_1_cb202/start.jpg,day1_20260820,xplorer-c,cb202,3,2.717805,31.621959,245.082006,626.784929,203.456297,230.814537,4,yes,no
day1_20260820/logs/20260820_141906/mission_1_cb202/start.jpg,day1_20260820,xplorer-c,cb202,3,2.582825,33.274534,-905.388638,70.804266,121.508098,203.975414,2,no,no
day1_20260820/logs/20260820_142701/mission_1_cb202/start.jpg,day1_20260820,xplorer-b,cb202,3,2.733649,31.438678,611.538452,825.865348,209.160537,239.366141,2,no,no
day1_20260820/logs/20260820_144526/mission_1_plant_3/start.jpg,day1_20260820,xplorer-c,plant_3,4,6.645657,12.932101,381.447181,394.686158,235.538266,248.625555,4,yes,yes
day1_20260820/logs/20260820_144526/mission_1_plant_3/finish.jpg,day1_20260820,xplorer-c,plant_3,1,0.783119,109.743571,409.268729,526.428464,257.706271,373.08255,4,yes,yes
day1_20260820/logs/20260820_144633/mission_1_plant_3/start.jpg,day1_20260820,xplorer-c,plant_3,4,6.682506,12.86079,309.000799,321.85839,235.63745,248.521101,4,yes,yes
day1_20260820/logs/20260820_144633/mission_1_plant_3/finish.jpg,day1_20260820,xplorer-c,plant_3,1,0.808202,106.337607,178.809571,287.809028,256.790592,365.536076,4,yes,yes
day1_20260820/logs/20260820_145232/mission_1_plant_3/start.jpg,day1_20260820,xplorer-b,plant_3,4,6.731275,12.767611,311.532197,324.301521,232.032889,244.827604,4,yes,yes
day1_20260820/logs/20260820_145232/mission_1_plant_3/finish.jpg,day1_20260820,xplorer-b,plant_3,1,0.902887,95.18607,601.817994,721.763346,223.304693,334.685231,2,no,no
day1_20260820/logs/20260820_145354/mission_1_plant_3/start.jpg,day1_20260820,xplorer-b,plant_3,4,6.887486,12.478037,427.952015,441.146901,231.684548,244.511091,4,yes,yes
day1_20260820/logs/20260820_145354/mission_2_plant_3/finish.jpg,day1_20260820,xplorer-b,plant_3,1,0.982192,87.500515,513.597295,615.065301,225.544867,321.941739,4,yes,yes
day1_20260820/logs/20260820_150931/mission_1_radiator/start.jpg,day1_20260820,xplorer-b,radiator,1,5.318148,16.160195,579.827263,852.805061,190.172301,206.296131,2,no,no
day1_20260820/logs/20260820_151214/mission_1_radiator/start.jpg,day1_20260820,xplorer-b,radiator,1,5.273972,16.295555,513.874819,774.01456,192.567622,206.695535,2,no,no
day1_20260820/logs/20260820_151214/mission_1_radiator/finish.jpg,day1_20260820,xplorer-b,radiator,1,2.003073,42.905236,30.37378,375.156607,203.040345,230.01044,4,yes,no
day1_20260820/logs/20260820_151458/mission_1_radiator/start.jpg,day1_20260820,xplorer-b,radiator,3,2.583469,33.26624,-134.599686,461.1333,182.466696,216.63033,2,no,no
day1_20260820/logs/20260820_151458/mission_2_radiator/finish.jpg,day1_20260820,xplorer-b,radiator,1,2.027829,42.381447,-52.532975,217.565583,208.627344,237.074597,2,no,no
day1_20260820/logs/20260820_151916/mission_1_radiator/start.jpg,day1_20260820,xplorer-b,radiator,1,5.252505,16.362157,587.967048,869.526808,189.469182,206.253886,2,no,no
day1_20260820/logs/20260820_152130/mission_1_radiator/start.jpg,day1_20260820,xplorer-b,radiator,3,2.69552,31.883383,-136.720669,417.234332,183.246989,213.788531,2,no,no
day1_20260820/logs/20260820_152130/mission_1_radiator/finish.jpg,day1_20260820,xplorer-b,radiator,1,1.979427,43.417763,-174.001062,19.557539,209.91939,249.183311,2,no,no
day1_20260820/logs/20260820_152656/mission_1_toilet_m/start.jpg,day1_20260820,xplorer-b,toilet_m,3,2.752654,31.221615,-784.24264,59.587189,150.26926,207.663595,2,no,no
day1_20260820/logs/20260820_152656/mission_1_toilet_m/finish.jpg,day1_20260820,xplorer-b,toilet_m,3,0.530314,162.059263,196.797972,360.680862,212.760277,376.993534,4,yes,yes
day1_20260820/logs/20260820_154029/mission_1_hall_entry/start.jpg,day1_20260820,xplorer-c,hall_entry,1,5.151492,16.682992,478.397597,737.532992,190.131653,205.564281,2,no,no
day1_20260820/logs/20260820_154520/mission_1_junction_e1/start.jpg,day1_20260820,xplorer-c,junction_e1,1,5.397102,15.923789,84.49312,228.30064,209.363754,217.802708,4,yes,no
day1_20260820/logs/20260820_155310/mission_1_toilet_m/finish.jpg,day1_20260820,xplorer-c,toilet_m,3,0.319942,268.618309,264.506337,555.79576,276.659448,572.96936,2,no,yes
day1_20260820/logs/20260820_155830/mission_1_cb202/start.jpg,day1_20260820,xplorer-c,cb202,3,2.736068,31.410883,-734.877206,107.802658,137.01883,204.687124,2,no,no
day1_20260820/logs/20260820_160313/mission_1_cb202/start.jpg,day1_20260820,xplorer-b,cb202,3,2.664421,32.255527,200.254397,620.399861,201.804596,226.168704,4,yes,no
day2_20260821/logs/20260821_104534/mission_1_cb202/start.jpg,day2_20260821,xplorer-b,cb202,3,2.807607,30.610516,636.767473,841.63725,209.361136,239.885466,1,no,no
day2_20260821/logs/20260821_105438/mission_1_cb202/start.jpg,day2_20260821,xplorer-b,cb202,3,2.685867,31.997981,470.356905,766.969871,208.520007,235.659522,2,no,no
day2_20260821/logs/20260821_105438/mission_1_cb202/finish.jpg,day2_20260821,xplorer-b,cb202,1,4.396964,19.54583,445.787288,627.685659,195.701091,207.169203,4,yes,no
day2_20260821/logs/20260821_110624/mission_2_toilet_m/start.jpg,day2_20260821,xplorer-b,toilet_m,3,1.92605,44.621008,496.395087,547.526229,225.842685,274.091192,4,yes,yes
day2_20260821/logs/20260821_110624/mission_2_toilet_m/finish.jpg,day2_20260821,xplorer-b,toilet_m,3,0.248302,346.119894,124.534481,472.115347,186.158171,571.739033,2,no,yes
day2_20260821/logs/20260821_110936/mission_2_radiator/finish.jpg,day2_20260821,xplorer-b,radiator,1,1.933027,44.459958,348.991471,884.453905,164.300173,207.890986,2,no,no
day2_20260821/logs/20260821_111235/mission_1_cb204/start.jpg,day2_20260821,xplorer-b,cb204,1,5.05064,17.016121,-80.667597,33.429368,210.429507,223.365386,2,no,no
day2_20260821/logs/20260821_111235/mission_1_cb204/start.jpg,day2_20260821,xplorer-b,cb204,3,2.743468,31.326157,613.416978,840.556356,209.18345,240.418123,2,no,no
day2_20260821/logs/20260821_111411/mission_2_plant_3/start.jpg,day2_20260821,xplorer-b,plant_3,4,6.076806,14.142677,331.825216,346.015142,231.930772,246.129216,4,yes,yes
day2_20260821/logs/20260821_111411/mission_3_plant_3/start.jpg,day2_20260821,xplorer-b,plant_3,4,5.088024,16.891097,223.897012,241.137389,231.654414,248.747457,4,yes,yes
day2_20260821/logs/20260821_111411/mission_4_plant_3/start.jpg,day2_20260821,xplorer-b,plant_3,4,4.425873,19.418159,359.381385,379.064672,231.556415,251.135839,4,yes,yes
day2_20260821/logs/20260821_111411/mission_5_plant_3/start.jpg,day2_20260821,xplorer-b,plant_3,4,3.793896,22.652785,294.598314,317.220707,231.478343,254.180821,4,yes,yes
day2_20260821/logs/20260821_111411/mission_6_plant_3/finish.jpg,day2_20260821,xplorer-b,plant_3,1,0.873858,98.348186,398.072641,501.657235,226.282668,328.446052,4,yes,no
day2_20260821/logs/20260821_111601/mission_1_junction_e1/start.jpg,day2_20260821,xplorer-b,junction_e1,1,5.355019,16.048927,545.328386,806.942756,191.707457,206.49873,2,no,no
day2_20260821/logs/20260821_111727/mission_1_plant_5/start.jpg,day2_20260821,xplorer-b,plant_5,3,2.606105,32.977306,130.442832,603.17096,197.655149,225.399978,4,yes,no
day2_20260821/logs/20260821_111905/mission_1_toilet_f/start.jpg,day2_20260821,xplorer-b,toilet_f,1,5.155548,16.669868,251.284554,445.255936,203.298919,210.054318,4,yes,no
day2_20260821/logs/20260821_112007/mission_1_cb203_entrance/start.jpg,day2_20260821,xplorer-b,cb203_entrance,3,2.587428,33.215344,-763.278519,113.576132,148.127476,208.073204,2,no,no
day2_20260821/logs/20260821_112007/mission_1_cb203_entrance/finish.jpg,day2_20260821,xplorer-b,cb203_entrance,4,1.140159,75.377502,270.727055,346.212728,228.480831,304.121158,4,yes,no
day2_20260821/logs/20260821_112108/mission_1_cb203_exit/start.jpg,day2_20260821,xplorer-b,cb203_exit,1,5.20274,16.518662,532.941027,798.844044,191.603877,206.58398,2,no,no
day2_20260821/logs/20260821_112225/mission_1_toilet_m/finish.jpg,day2_20260821,xplorer-b,toilet_m,3,0.524157,163.963037,236.77824,402.219111,212.554853,379.111043,4,yes,yes
day2_20260821/logs/20260821_112314/mission_1_cb203_exit/finish.jpg,day2_20260821,xplorer-b,cb203_exit,1,7.285924,11.795663,274.717408,286.461009,232.068577,243.913365,4,yes,no
day2_20260821/logs/20260821_112534/mission_1_cb203_entrance/finish.jpg,day2_20260821,xplorer-b,cb203_entrance,4,1.117219,76.925179,516.814084,607.267987,226.28267,311.11271,4,yes,no
day2_20260821/logs/20260821_113110/mission_1_plant_3/start.jpg,day2_20260821,xplorer-b,plant_3,3,2.725244,31.535641,-947.672042,5.609193,141.546046,207.896157,1,no,no
day2_20260821/logs/20260821_113110/mission_1_plant_3/finish.jpg,day2_20260821,xplorer-b,plant_3,1,0.909623,94.481263,565.715335,679.129387,224.127136,331.665464,2,no,no
day2_20260821/logs/20260821_113258/mission_1_cb204/start.jpg,day2_20260821,xplorer-b,cb204,1,5.2696,16.309075,264.202146,460.722159,202.852371,209.558881,4,yes,no
day2_20260821/logs/20260821_113529/mission_1_radiator/start.jpg,day2_20260821,xplorer-b,radiator,1,5.138081,16.726536,120.072213,283.640173,208.278047,215.009168,4,yes,no
day2_20260821/logs/20260821_113529/mission_1_radiator/finish.jpg,day2_20260821,xplorer-b,radiator,1,1.85554,46.316594,18.632142,355.351707,204.304801,232.519826,4,yes,no
day2_20260821/logs/20260821_113623/mission_1_cb202/start.jpg,day2_20260821,xplorer-b,cb202,1,5.275333,16.291351,612.225289,893.285889,188.782132,206.111862,2,no,no
day2_20260821/logs/20260821_113656/mission_1_toilet_m/start.jpg,day2_20260821,xplorer-b,toilet_m,3,2.555357,33.632205,456.228588,769.955058,208.419027,236.972301,2,no,no
day2_20260821/logs/20260821_113738/mission_1_toilet_m/finish.jpg,day2_20260821,xplorer-b,toilet_m,3,0.505222,170.107923,143.021864,317.868406,211.104833,386.636639,4,yes,yes
day2_20260821/logs/20260821_115152/mission_1_toilet_m/finish.jpg,day2_20260821,xplorer-c,toilet_m,3,0.338474,253.911105,-278.261023,34.135866,276.410619,596.932205,1,no,no
day2_20260821/logs/20260821_115254/mission_1_cb202/start.jpg,day2_20260821,xplorer-c,cb202,3,2.72816,31.501936,490.964571,773.685319,211.640273,242.73644,2,no,no
day2_20260821/logs/20260821_115538/mission_1_plant_5/start.jpg,day2_20260821,xplorer-c,plant_5,1,5.229825,16.433115,115.138724,274.801766,208.657993,216.604607,4,yes,no
day2_20260821/logs/20260821_115814/mission_1_plant_3/finish.jpg,day2_20260821,xplorer-c,plant_3,1,0.819956,104.813269,504.29469,627.214921,257.010268,373.512348,4,yes,yes
day2_20260821/logs/20260821_115924/mission_1_junction_e1/start.jpg,day2_20260821,xplorer-c,junction_e1,3,2.644634,32.496865,-413.518518,310.751104,156.703719,208.081453,2,no,no
day2_20260821/logs/20260821_120124/mission_1_plant_5/start.jpg,day2_20260821,xplorer-c,plant_5,3,2.800019,30.693475,-665.436164,144.893629,143.000388,205.318543,2,no,no
day2_20260821/logs/20260821_120446/mission_1_cb203_entrance/finish.jpg,day2_20260821,xplorer-c,cb203_entrance,4,1.003243,85.66449,139.17456,228.599163,252.036266,340.483609,4,yes,no
day2_20260821/logs/20260821_120634/mission_1_cb203_exit/finish.jpg,day2_20260821,xplorer-c,cb203_exit,3,8.373965,10.263037,129.901138,140.169285,233.841791,244.632022,4,yes,no
day2_20260821/logs/20260821_120808/mission_1_toilet_m/finish.jpg,day2_20260821,xplorer-c,toilet_m,3,0.292479,293.840959,-341.273297,22.759613,283.118442,663.682821,1,no,no
day2_20260821/logs/20260821_120902/mission_1_cb203_exit/finish.jpg,day2_20260821,xplorer-c,cb203_exit,3,8.431647,10.192826,148.612569,158.65438,233.938698,244.565367,4,yes,no
day2_20260821/logs/20260821_121016/mission_1_cb203_entrance/finish.jpg,day2_20260821,xplorer-c,cb203_entrance,4,0.995314,86.346935,321.408175,408.861988,252.142904,339.495625,4,yes,yes
day2_20260821/logs/20260821_121432/mission_1_junction_e1/start.jpg,day2_20260821,xplorer-c,junction_e1,3,2.839843,30.263051,-66.710441,466.783632,182.567228,218.326691,2,no,no
day2_20260821/logs/20260821_121718/mission_1_plant_3/start.jpg,day2_20260821,xplorer-c,plant_3,3,2.649761,32.433989,353.180269,713.855213,209.101839,238.459347,2,no,no
day2_20260821/logs/20260821_121718/mission_1_plant_3/finish.jpg,day2_20260821,xplorer-c,plant_3,1,0.782614,109.814417,462.502337,586.059177,258.039158,377.234075,4,yes,no
day2_20260821/logs/20260821_121837/mission_1_cb204/start.jpg,day2_20260821,xplorer-c,cb204,1,5.053249,17.007337,528.620977,811.045079,186.836336,204.827363,2,no,no
day2_20260821/logs/20260821_122227/mission_1_radiator/finish.jpg,day2_20260821,xplorer-c,radiator,1,2.012011,42.714627,271.984681,704.698002,170.927752,209.224161,2,no,no
day2_20260821/logs/20260821_122328/mission_1_cb202/start.jpg,day2_20260821,xplorer-c,cb202,3,2.701235,31.815928,-399.043966,308.675647,158.664865,208.044636,2,no,no
day2_20260821/logs/20260821_122430/mission_1_toilet_m/finish.jpg,day2_20260821,xplorer-c,toilet_m,3,0.319606,268.90048,-220.916231,122.342767,280.51252,592.3732,1,no,no
day2_20260821/logs/20260821_122544/mission_1_toilet_m/finish.jpg,day2_20260821,xplorer-c,toilet_m,3,0.345724,248.586549,-304.443495,21.295585,276.020224,582.907757,1,no,yes
day2_20260821/logs/20260821_122656/mission_1_toilet_m/start.jpg,day2_20260821,xplorer-c,toilet_m,3,2.735723,31.414845,-142.041033,424.135629,176.511057,215.467088,2,no,no
day2_20260821/logs/20260821_122656/mission_1_toilet_m/finish.jpg,day2_20260821,xplorer-c,toilet_m,3,0.250885,342.556095,51.98627,424.84883,290.696937,666.62808,2,no,no
day2_20260821/logs/20260821_131951/mission_1_cb203_exit/start.jpg,day2_20260821,xplorer-b,cb203_exit,1,5.060793,16.981983,202.946266,391.429287,205.125387,211.896961,4,yes,no
day2_20260821/logs/20260821_132326/mission_1_cb204/start.jpg,day2_20260821,xplorer-b,cb204,3,2.690021,31.948566,494.836675,777.219332,208.610601,236.327986,2,no,no
day2_20260821/logs/20260821_132616/mission_1_toilet_m/start.jpg,day2_20260821,xplorer-b,toilet_m,1,5.25331,16.359649,226.107807,415.496508,204.380227,210.946852,4,yes,no
day2_20260821/logs/20260821_132616/mission_1_toilet_m/finish.jpg,day2_20260821,xplorer-b,toilet_m,3,0.501106,171.505307,94.697134,274.705944,210.297252,389.506668,4,yes,yes
day2_20260821/logs/20260821_132710/mission_1_toilet_m/start.jpg,day2_20260821,xplorer-b,toilet_m,3,2.598346,33.07578,287.545141,678.382733,206.802379,230.323374,2,no,no
day2_20260821/logs/20260821_132710/mission_1_toilet_m/finish.jpg,day2_20260821,xplorer-b,toilet_m,3,0.424536,202.438339,419.448577,648.250304,203.670605,426.503123,2,no,yes
day2_20260821/logs/20260821_132810/mission_1_toilet_m/finish.jpg,day2_20260821,xplorer-b,toilet_m,3,0.444286,193.439313,-36.790946,185.583114,204.531786,419.690337,2,no,no
day2_20260821/logs/20260821_133032/mission_1_junction_e1/start.jpg,day2_20260821,xplorer-b,junction_e1,1,5.332306,16.117286,-48.20865,65.661488,210.131921,221.428982,2,no,no
day2_20260821/logs/20260821_133316/mission_1_radiator/finish.jpg,day2_20260821,xplorer-b,radiator,1,2.106438,40.799829,494.681864,1040.954586,156.823497,207.264405,2,no,no
day2_20260821/logs/20260821_133431/mission_1_radiator/start.jpg,day2_20260821,xplorer-b,radiator,1,5.289191,16.248666,393.058312,621.11513,197.543571,207.474495,4,yes,no
day2_20260821/logs/20260821_133600/mission_1_plant_5/start.jpg,day2_20260821,xplorer-b,plant_5,1,5.32978,16.124927,108.790086,263.041387,208.435132,215.254113,4,yes,no
day2_20260821/logs/20260821_134044/mission_1_radiator/start.jpg,day2_20260821,xplorer-b,radiator,1,5.008712,17.158564,422.285564,674.24933,195.292279,207.288799,2,no,no
day2_20260821/logs/20260821_134202/mission_1_plant_4/start.jpg,day2_20260821,xplorer-b,plant_4,1,5.135565,16.734733,-65.67048,50.188863,210.269413,222.536682,2,no,no
day2_20260821/logs/20260821_134402/mission_1_plant_2/finish.jpg,day2_20260821,xplorer-b,plant_2,1,0.606747,141.6445,315.27852,458.917727,224.238243,368.820279,4,yes,no
day2_20260821/logs/20260821_134743/mission_1_hall_exit/start.jpg,day2_20260821,xplorer-b,hall_exit,1,5.288291,16.251433,-3.439746,122.625936,209.598539,219.67996,2,no,no
day2_20260821/logs/20260821_135113/mission_1_radiator/start.jpg,day2_20260821,xplorer-b,radiator,1,5.358222,16.039332,234.222883,419.934546,204.28467,210.615898,4,yes,no
day2_20260821/logs/20260821_135113/mission_2_radiator/finish.jpg,day2_20260821,xplorer-b,radiator,1,2.15426,39.894111,81.031518,344.830987,205.513054,224.677932,4,yes,no
day2_20260821/logs/20260821_135419/mission_1_cb203_exit/start.jpg,day2_20260821,xplorer-b,cb203_exit,3,2.670758,32.178992,-636.122024,166.546439,156.43899,207.766802,2,no,no
day2_20260821/logs/20260821_135704/mission_1_junction_e1/start.jpg,day2_20260821,xplorer-b,junction_e1,3,2.856248,30.089227,564.714431,809.769649,209.005031,237.267036,2,no,no
day2_20260821/logs/20260821_140457/mission_1_radiator/start.jpg,day2_20260821,xplorer-b,radiator,1,5.03098,17.082618,474.050806,733.350664,193.352682,206.956837,2,no,no
day2_20260821/logs/20260821_140457/mission_1_radiator/finish.jpg,day2_20260821,xplorer-b,radiator,1,1.924784,44.650354,171.655035,621.012238,183.897994,218.22832,4,yes,no
day2_20260821/logs/20260821_142326/mission_1_radiator/start.jpg,day2_20260821,xplorer-c,radiator,3,4.344175,19.783345,548.598438,560.168532,235.01171,256.786714,4,yes,no
day2_20260821/logs/20260821_142441/mission_1_junction_e1/start.jpg,day2_20260821,xplorer-c,junction_e1,1,5.185467,16.573687,244.165839,440.494179,202.452368,210.752816,4,yes,no
day2_20260821/logs/20260821_143549/mission_1_cb202/start.jpg,day2_20260821,xplorer-c,cb202,3,2.62785,32.704423,-910.728515,35.99431,122.432302,203.450777,2,no,no
day2_20260821/logs/20260821_143713/mission_1_radiator/start.jpg,day2_20260821,xplorer-c,radiator,3,2.618132,32.825811,474.458025,771.541798,211.40754,243.712942,2,no,no
day2_20260821/logs/20260821_144018/mission_1_radiator/start.jpg,day2_20260821,xplorer-c,radiator,3,2.651656,32.410805,-663.019623,188.187305,139.886808,205.966414,2,no,no
day2_20260821/logs/20260821_144333/mission_1_junction_e1/start.jpg,day2_20260821,xplorer-c,junction_e1,1,5.186801,16.569426,182.322574,360.119977,205.870442,213.552896,4,yes,no
day2_20260821/logs/20260821_144613/mission_1_radiator/finish.jpg,day2_20260821,xplorer-c,radiator,1,2.03039,42.327971,228.818456,623.07018,178.703325,213.718118,4,yes,no
day2_20260821/logs/20260821_144850/mission_1_radiator/start.jpg,day2_20260821,xplorer-c,radiator,3,2.575149,33.373727,248.80505,666.18977,203.519891,235.120524,2,no,no
day2_20260821/logs/20260821_152359/mission_1_radiator/finish.jpg,day2_20260821,xplorer-b,radiator,1,1.913292,44.918551,23.753053,364.170722,203.705591,231.447969,4,yes,no
day2_20260821/logs/20260821_152524/mission_1_cb202/start.jpg,day2_20260821,xplorer-b,cb202,1,5.286948,16.255562,612.001176,892.48082,188.839985,206.112097,2,no,no
day2_20260821/logs/20260821_153343/mission_1_radiator/start.jpg,day2_20260821,xplorer-b,radiator,1,5.227268,16.441152,606.632391,894.581943,188.603226,206.148228,2,no,no
day2_20260821/logs/20260821_153343/mission_2_radiator/finish.jpg,day2_20260821,xplorer-b,radiator,1,2.038096,42.167944,167.287626,576.139578,188.32719,218.209867,4,yes,no
day2_20260821/logs/20260821_164323/mission_1_toilet_m/start.jpg,day2_20260821,xplorer-b,toilet_m,4,8.863468,9.69624,305.745584,315.224545,232.209718,241.93589,4,yes,no
day2_20260821/logs/20260821_164323/mission_1_toilet_m/finish.jpg,day2_20260821,xplorer-b,toilet_m,3,0.311936,275.512639,-148.387118,160.61919,191.490306,508.67642,1,no,no
day2_20260821/logs/20260821_164326/mission_1_junction_e1/start.jpg,day2_20260821,xplorer-c,junction_e1,3,6.60013,13.021305,17.003643,32.695194,233.445053,247.977056,4,yes,no
day2_20260821/logs/20260821_164941/mission_1_toilet_m/start.jpg,day2_20260821,xplorer-b,toilet_m,4,8.76619,9.803839,470.017076,480.57853,231.595536,241.864809,4,yes,no
day2_20260821/logs/20260821_164941/mission_1_toilet_m/finish.jpg,day2_20260821,xplorer-b,toilet_m,3,0.193563,444.000996,-304.028342,171.254121,163.720296,734.505593,1,no,no
day2_20260821/logs/20260821_164945/mission_1_plant_4/start.jpg,day2_20260821,xplorer-c,plant_4,3,6.377237,13.476416,25.823011,41.83757,233.605903,248.561672,4,yes,no
day2_20260821/logs/20260821_165317/mission_1_toilet_m/start.jpg,day2_20260821,xplorer-b,toilet_m,4,8.928076,9.626073,481.300105,491.80439,231.525932,241.663139,4,yes,no
day2_20260821/logs/20260821_165317/mission_1_toilet_m/finish.jpg,day2_20260821,xplorer-b,toilet_m,3,0.264813,324.539483,-239.510378,129.384047,181.886068,575.212256,1,no,yes
day2_20260821/logs/20260821_165320/mission_1_plant_5/start.jpg,day2_20260821,xplorer-c,plant_5,3,6.408428,13.410825,181.546994,195.155934,234.629175,248.402239,4,yes,yes
day2_20260821/logs/20260821_170007/mission_1_cb202/start.jpg,day2_20260821,xplorer-b,cb202,3,2.582466,33.279164,145.161079,580.93563,198.400407,224.063245,4,yes,no
day2_20260821/logs/20260821_170007/mission_1_cb202/finish.jpg,day2_20260821,xplorer-b,cb202,1,4.327377,19.86014,216.953131,363.946281,205.85518,211.756785,4,yes,no
day2_20260821/logs/20260821_170226/mission_1_cb202/start.jpg,day2_20260821,xplorer-c,cb202,3,2.796499,30.73211,-366.834039,307.99604,162.30014,208.032838,2,no,no
day2_20260821/logs/20260821_172025/mission_1_radiator/finish.jpg,day2_20260821,xplorer-b,radiator,1,2.037389,42.18257,169.085854,584.944499,187.68013,218.063421,4,yes,no
day2_20260821/logs/20260821_172417/mission_1_radiator/finish.jpg,day2_20260821,xplorer-c,radiator,1,2.004418,42.87645,288.240757,718.932021,169.495161,208.609296,2,no,no
day2_20260821/logs/20260821_173514/mission_1_radiator/finish.jpg,day2_20260821,xplorer-b,radiator,1,2.003856,42.888459,516.961926,1136.532447,147.767545,207.223583,2,no,no
day2_20260821/logs/20260821_173618/mission_1_radiator/start.jpg,day2_20260821,xplorer-b,radiator,3,2.686968,31.984868,-13.869086,510.108134,189.918562,219.302801,2,no,no
day2_20260821/logs/20260821_173717/mission_1_radiator/finish.jpg,day2_20260821,xplorer-b,radiator,1,1.929093,44.55064,363.085935,917.842778,161.74735,207.832377,2,no,no
