session,run_id,audit_file,platform_id,timestamp_utc,navigator_version,audit_schema_version,protocol_version,memory_digest_hash,m3_preferences_count,memory_status,m3_jaccard_threshold,m3_abstention_margin,vlm_model,vlm_model_digest,vlm_quantization,git_commit,git_dirty,geojson_md5,route_graph_md5,sas_text_version,gpu_driver_version,poi_signatures_loaded,decision_records
A,20260422_125210,data/session_a/audits/audit_20260422_125210.jsonl,xplorer-c,2026-04-22T09:52:10+00:00,v4.7.4,2.0,,a18b610f06e9ded2e89f7d64bfc6357c,3,loaded,0.6,,qwen3.5:4b,,,,,,,,,14,11
A,20260422_130731,data/session_a/audits/audit_20260422_130731.jsonl,xplorer-c,2026-04-22T10:07:31+00:00,v4.7.4,2.0,,a18b610f06e9ded2e89f7d64bfc6357c,3,loaded,0.6,,qwen3.5:4b,,,,,,,,,14,8
A,20260422_133920,data/session_a/audits/audit_20260422_133920.jsonl,xplorer-c,2026-04-22T10:39:20+00:00,v4.7.4,2.0,,a18b610f06e9ded2e89f7d64bfc6357c,3,loaded,0.6,,qwen3.5:4b,,,,,,,,,14,17
A,20260423_111036,data/session_a/audits/audit_20260423_111036.jsonl,xplorer-c,2026-04-23T08:10:36+00:00,v4.7.4,2.0,,a18b610f06e9ded2e89f7d64bfc6357c,3,loaded,0.6,,qwen3.5:4b,,,,,,,,,15,2
A,20260423_111403,data/session_a/audits/audit_20260423_111403.jsonl,xplorer-c,2026-04-23T08:14:03+00:00,v4.7.4,2.0,,a18b610f06e9ded2e89f7d64bfc6357c,3,loaded,0.6,,qwen3.5:4b,,,,,,,,,15,20
A,20260423_112335,data/session_a/audits/audit_20260423_112335.jsonl,xplorer-c,2026-04-23T08:23:35+00:00,v4.7.4,2.0,,a18b610f06e9ded2e89f7d64bfc6357c,3,loaded,0.6,,qwen3.5:4b,,,,,,,,,15,5
A,20260423_122139,data/session_a/audits/audit_20260423_122139.jsonl,xplorer-c,2026-04-23T09:21:39+00:00,v4.8,2.0,,a18b610f06e9ded2e89f7d64bfc6357c,3,loaded,0.6,,qwen3.5:4b,,,,,,,,,15,12
A,20260423_125344,data/session_a/audits/audit_20260423_125344.jsonl,xplorer-c,2026-04-23T09:53:44+00:00,v4.8,2.0,,41c0a9e7c78a34df6c0fb4f07f43f1e0,0,loaded,0.6,,qwen3.5:4b,,,,,,,,,15,2
A,20260423_125753,data/session_a/audits/audit_20260423_125753.jsonl,xplorer-c,2026-04-23T09:57:53+00:00,v4.8,2.0,,a18b610f06e9ded2e89f7d64bfc6357c,3,loaded,0.6,,qwen3.5:4b,,,,,,,,,15,2
A,20260423_130130,data/session_a/audits/audit_20260423_130130.jsonl,xplorer-c,2026-04-23T10:01:30+00:00,v4.8,2.0,,a18b610f06e9ded2e89f7d64bfc6357c,3,loaded,0.6,,qwen3.5:4b,,,,,,,,,15,6
B,20260423_143541,data/session_b/audits/audit_20260423_143541.jsonl,xplorer-b,2026-04-23T11:35:41+00:00,v4.8,2.0,,97241265217eb4b08e26fb718eb21f40,6,loaded,0.6,,qwen3.5:4b,,,,,,,,,15,24
B,20260423_150456,data/session_b/audits/audit_20260423_150456.jsonl,xplorer-b,2026-04-23T12:04:56+00:00,v4.8,2.0,,97241265217eb4b08e26fb718eb21f40,6,loaded,0.6,,qwen3.5:4b,,,,,,,,,15,46
B,20260423_153932,data/session_b/audits/audit_20260423_153932.jsonl,xplorer-b,2026-04-23T12:39:32+00:00,v4.8,2.0,,97241265217eb4b08e26fb718eb21f40,6,loaded,0.6,,qwen3.5:4b,,,,,,,,,15,6
C,20260424_172918,data/session_c/audits/pair1_B_fire.jsonl,xplorer-b,2026-04-24T14:29:18+00:00,v4.8,2.0,,97241265217eb4b08e26fb718eb21f40,6,loaded,0.6,,qwen3.5:4b,,,,,,,,,15,1
C,20260424_172924,data/session_c/audits/pair1_C_restroom.jsonl,xplorer-c,2026-04-24T14:29:24+00:00,v4.8,2.0,,97241265217eb4b08e26fb718eb21f40,6,loaded,0.6,,qwen3.5:4b,,,,,,,,,15,1
C,20260424_164437,data/session_c/audits/pair2_B_cb203.jsonl,xplorer-b,2026-04-24T13:44:37+00:00,v4.8,2.0,,97241265217eb4b08e26fb718eb21f40,6,loaded,0.6,,qwen3.5:4b,,,,,,,,,15,1
C,20260424_164721,data/session_c/audits/pair2_C_cb204.jsonl,xplorer-c,2026-04-24T13:47:21+00:00,v4.8,2.0,,97241265217eb4b08e26fb718eb21f40,6,loaded,0.6,,qwen3.5:4b,,,,,,,,,15,1
E,20260820_115934,data/session_e/day1_20260820/logs/audit_20260820_115934.jsonl,xplorer-c,2026-08-20T08:59:34+00:00,v4.8-review,2.1,E-2026-09,97241265217eb4b08e26fb718eb21f40,6,loaded,0.75,0.1,qwen3.5:4b,0c8faadc50c205b83c634430c1dae6d1a4896c9b818cb8f290aa34d535265018,Q4_K_M,f973aa0c4920e47cdd85d7e4e263e3b66fb41ddc,False,2e48375071c0e4ea7cd38c0e48ef97c5,e0130b78b00ec55822dbc39a41429817,1.2.0,580.173.02,15,1
E,20260820_121926,data/session_e/day1_20260820/logs/audit_20260820_121926.jsonl,xplorer-b,2026-08-20T09:19:26+00:00,v4.8-review,2.1,E-2026-09,97241265217eb4b08e26fb718eb21f40,6,loaded,0.75,0.1,qwen3.5:4b,0c8faadc50c205b83c634430c1dae6d1a4896c9b818cb8f290aa34d535265018,Q4_K_M,f973aa0c4920e47cdd85d7e4e263e3b66fb41ddc,False,2e48375071c0e4ea7cd38c0e48ef97c5,e0130b78b00ec55822dbc39a41429817,1.2.0,580.173.02,15,1
E,20260820_122950,data/session_e/day1_20260820/logs/audit_20260820_122950.jsonl,xplorer-c,2026-08-20T09:29:50+00:00,v4.8-review,2.1,E-2026-09,97241265217eb4b08e26fb718eb21f40,6,loaded,0.75,0.1,qwen3.5:4b,0c8faadc50c205b83c634430c1dae6d1a4896c9b818cb8f290aa34d535265018,Q4_K_M,f973aa0c4920e47cdd85d7e4e263e3b66fb41ddc,False,2e48375071c0e4ea7cd38c0e48ef97c5,e0130b78b00ec55822dbc39a41429817,1.2.0,580.173.02,15,1
E,20260820_123127,data/session_e/day1_20260820/logs/audit_20260820_123127.jsonl,xplorer-c,2026-08-20T09:31:27+00:00,v4.8-review,2.1,E-2026-09,97241265217eb4b08e26fb718eb21f40,6,loaded,0.75,0.1,qwen3.5:4b,0c8faadc50c205b83c634430c1dae6d1a4896c9b818cb8f290aa34d535265018,Q4_K_M,f973aa0c4920e47cdd85d7e4e263e3b66fb41ddc,False,2e48375071c0e4ea7cd38c0e48ef97c5,e0130b78b00ec55822dbc39a41429817,1.2.0,580.173.02,15,1
E,20260820_123233,data/session_e/day1_20260820/logs/audit_20260820_123233.jsonl,xplorer-c,2026-08-20T09:32:33+00:00,v4.8-review,2.1,E-2026-09,97241265217eb4b08e26fb718eb21f40,6,loaded,0.75,0.1,qwen3.5:4b,0c8faadc50c205b83c634430c1dae6d1a4896c9b818cb8f290aa34d535265018,Q4_K_M,f973aa0c4920e47cdd85d7e4e263e3b66fb41ddc,False,2e48375071c0e4ea7cd38c0e48ef97c5,e0130b78b00ec55822dbc39a41429817,1.2.0,580.173.02,15,1
E,20260820_123335,data/session_e/day1_20260820/logs/audit_20260820_123335.jsonl,xplorer-c,2026-08-20T09:33:35+00:00,v4.8-review,2.1,E-2026-09,97241265217eb4b08e26fb718eb21f40,6,loaded,0.75,0.1,qwen3.5:4b,0c8faadc50c205b83c634430c1dae6d1a4896c9b818cb8f290aa34d535265018,Q4_K_M,f973aa0c4920e47cdd85d7e4e263e3b66fb41ddc,False,2e48375071c0e4ea7cd38c0e48ef97c5,e0130b78b00ec55822dbc39a41429817,1.2.0,580.173.02,15,1
E,20260820_123503,data/session_e/day1_20260820/logs/audit_20260820_123503.jsonl,xplorer-c,2026-08-20T09:35:03+00:00,v4.8-review,2.1,E-2026-09,97241265217eb4b08e26fb718eb21f40,6,loaded,0.75,0.1,qwen3.5:4b,0c8faadc50c205b83c634430c1dae6d1a4896c9b818cb8f290aa34d535265018,Q4_K_M,f973aa0c4920e47cdd85d7e4e263e3b66fb41ddc,False,2e48375071c0e4ea7cd38c0e48ef97c5,e0130b78b00ec55822dbc39a41429817,1.2.0,580.173.02,15,1
E,20260820_123638,data/session_e/day1_20260820/logs/audit_20260820_123638.jsonl,xplorer-c,2026-08-20T09:36:38+00:00,v4.8-review,2.1,E-2026-09,97241265217eb4b08e26fb718eb21f40,6,loaded,0.75,0.1,qwen3.5:4b,0c8faadc50c205b83c634430c1dae6d1a4896c9b818cb8f290aa34d535265018,Q4_K_M,f973aa0c4920e47cdd85d7e4e263e3b66fb41ddc,False,2e48375071c0e4ea7cd38c0e48ef97c5,e0130b78b00ec55822dbc39a41429817,1.2.0,580.173.02,15,1
E,20260820_124328,data/session_e/day1_20260820/logs/audit_20260820_124328.jsonl,xplorer-c,2026-08-20T09:43:28+00:00,v4.8-review,2.1,E-2026-09,97241265217eb4b08e26fb718eb21f40,6,loaded,0.75,0.1,qwen3.5:4b,0c8faadc50c205b83c634430c1dae6d1a4896c9b818cb8f290aa34d535265018,Q4_K_M,f973aa0c4920e47cdd85d7e4e263e3b66fb41ddc,False,2e48375071c0e4ea7cd38c0e48ef97c5,e0130b78b00ec55822dbc39a41429817,1.2.0,580.173.02,15,1
E,20260820_124531,data/session_e/day1_20260820/logs/audit_20260820_124531.jsonl,xplorer-c,2026-08-20T09:45:31+00:00,v4.8-review,2.1,E-2026-09,97241265217eb4b08e26fb718eb21f40,6,loaded,0.75,0.1,qwen3.5:4b,0c8faadc50c205b83c634430c1dae6d1a4896c9b818cb8f290aa34d535265018,Q4_K_M,f973aa0c4920e47cdd85d7e4e263e3b66fb41ddc,False,2e48375071c0e4ea7cd38c0e48ef97c5,e0130b78b00ec55822dbc39a41429817,1.2.0,580.173.02,15,1
E,20260820_124642,data/session_e/day1_20260820/logs/audit_20260820_124642.jsonl,xplorer-c,2026-08-20T09:46:42+00:00,v4.8-review,2.1,E-2026-09,97241265217eb4b08e26fb718eb21f40,6,loaded,0.75,0.1,qwen3.5:4b,0c8faadc50c205b83c634430c1dae6d1a4896c9b818cb8f290aa34d535265018,Q4_K_M,f973aa0c4920e47cdd85d7e4e263e3b66fb41ddc,False,2e48375071c0e4ea7cd38c0e48ef97c5,e0130b78b00ec55822dbc39a41429817,1.2.0,580.173.02,15,1
E,20260820_125530,data/session_e/day1_20260820/logs/audit_20260820_125530.jsonl,xplorer-c,2026-08-20T09:55:30+00:00,v4.8-review,2.1,E-2026-09,97241265217eb4b08e26fb718eb21f40,6,loaded,0.75,0.1,qwen3.5:4b,0c8faadc50c205b83c634430c1dae6d1a4896c9b818cb8f290aa34d535265018,Q4_K_M,f973aa0c4920e47cdd85d7e4e263e3b66fb41ddc,False,2e48375071c0e4ea7cd38c0e48ef97c5,e0130b78b00ec55822dbc39a41429817,1.2.0,580.173.02,15,1
E,20260820_125656,data/session_e/day1_20260820/logs/audit_20260820_125656.jsonl,xplorer-c,2026-08-20T09:56:56+00:00,v4.8-review,2.1,E-2026-09,97241265217eb4b08e26fb718eb21f40,6,loaded,0.75,0.1,qwen3.5:4b,0c8faadc50c205b83c634430c1dae6d1a4896c9b818cb8f290aa34d535265018,Q4_K_M,f973aa0c4920e47cdd85d7e4e263e3b66fb41ddc,False,2e48375071c0e4ea7cd38c0e48ef97c5,e0130b78b00ec55822dbc39a41429817,1.2.0,580.173.02,15,3
E,20260820_125837,data/session_e/day1_20260820/logs/audit_20260820_125837.jsonl,xplorer-c,2026-08-20T09:58:37+00:00,v4.8-review,2.1,E-2026-09,97241265217eb4b08e26fb718eb21f40,6,loaded,0.75,0.1,qwen3.5:4b,0c8faadc50c205b83c634430c1dae6d1a4896c9b818cb8f290aa34d535265018,Q4_K_M,f973aa0c4920e47cdd85d7e4e263e3b66fb41ddc,False,2e48375071c0e4ea7cd38c0e48ef97c5,e0130b78b00ec55822dbc39a41429817,1.2.0,580.173.02,15,1
E,20260820_125951,data/session_e/day1_20260820/logs/audit_20260820_125951.jsonl,xplorer-c,2026-08-20T09:59:51+00:00,v4.8-review,2.1,E-2026-09,97241265217eb4b08e26fb718eb21f40,6,loaded,0.75,0.1,qwen3.5:4b,0c8faadc50c205b83c634430c1dae6d1a4896c9b818cb8f290aa34d535265018,Q4_K_M,f973aa0c4920e47cdd85d7e4e263e3b66fb41ddc,False,2e48375071c0e4ea7cd38c0e48ef97c5,e0130b78b00ec55822dbc39a41429817,1.2.0,580.173.02,15,1
E,20260820_130207,data/session_e/day1_20260820/logs/audit_20260820_130207.jsonl,xplorer-c,2026-08-20T10:02:07+00:00,v4.8-review,2.1,E-2026-09,97241265217eb4b08e26fb718eb21f40,6,loaded,0.75,0.1,qwen3.5:4b,0c8faadc50c205b83c634430c1dae6d1a4896c9b818cb8f290aa34d535265018,Q4_K_M,f973aa0c4920e47cdd85d7e4e263e3b66fb41ddc,False,2e48375071c0e4ea7cd38c0e48ef97c5,e0130b78b00ec55822dbc39a41429817,1.2.0,580.173.02,15,1
E,20260820_130331,data/session_e/day1_20260820/logs/audit_20260820_130331.jsonl,xplorer-c,2026-08-20T10:03:31+00:00,v4.8-review,2.1,E-2026-09,97241265217eb4b08e26fb718eb21f40,6,loaded,0.75,0.1,qwen3.5:4b,0c8faadc50c205b83c634430c1dae6d1a4896c9b818cb8f290aa34d535265018,Q4_K_M,f973aa0c4920e47cdd85d7e4e263e3b66fb41ddc,False,2e48375071c0e4ea7cd38c0e48ef97c5,e0130b78b00ec55822dbc39a41429817,1.2.0,580.173.02,15,1
E,20260820_130509,data/session_e/day1_20260820/logs/audit_20260820_130509.jsonl,xplorer-c,2026-08-20T10:05:09+00:00,v4.8-review,2.1,E-2026-09,97241265217eb4b08e26fb718eb21f40,6,loaded,0.75,0.1,qwen3.5:4b,0c8faadc50c205b83c634430c1dae6d1a4896c9b818cb8f290aa34d535265018,Q4_K_M,f973aa0c4920e47cdd85d7e4e263e3b66fb41ddc,False,2e48375071c0e4ea7cd38c0e48ef97c5,e0130b78b00ec55822dbc39a41429817,1.2.0,580.173.02,15,1
E,20260820_140042,data/session_e/day1_20260820/logs/audit_20260820_140042.jsonl,xplorer-b,2026-08-20T11:00:42+00:00,v4.8-review,2.1,E-2026-09,97241265217eb4b08e26fb718eb21f40,6,loaded,0.75,0.1,qwen3.5:4b,0c8faadc50c205b83c634430c1dae6d1a4896c9b818cb8f290aa34d535265018,Q4_K_M,f973aa0c4920e47cdd85d7e4e263e3b66fb41ddc,False,2e48375071c0e4ea7cd38c0e48ef97c5,e0130b78b00ec55822dbc39a41429817,1.2.0,580.173.02,15,1
E,20260820_140207,data/session_e/day1_20260820/logs/audit_20260820_140207.jsonl,xplorer-b,2026-08-20T11:02:07+00:00,v4.8-review,2.1,E-2026-09,97241265217eb4b08e26fb718eb21f40,6,loaded,0.75,0.1,qwen3.5:4b,0c8faadc50c205b83c634430c1dae6d1a4896c9b818cb8f290aa34d535265018,Q4_K_M,f973aa0c4920e47cdd85d7e4e263e3b66fb41ddc,False,2e48375071c0e4ea7cd38c0e48ef97c5,e0130b78b00ec55822dbc39a41429817,1.2.0,580.173.02,15,1
E,20260820_141007,data/session_e/day1_20260820/logs/audit_20260820_141007.jsonl,xplorer-c,2026-08-20T11:10:07+00:00,v4.8-review,2.1,E-2026-09,97241265217eb4b08e26fb718eb21f40,6,loaded,0.75,0.1,qwen3.5:4b,0c8faadc50c205b83c634430c1dae6d1a4896c9b818cb8f290aa34d535265018,Q4_K_M,f973aa0c4920e47cdd85d7e4e263e3b66fb41ddc,False,2e48375071c0e4ea7cd38c0e48ef97c5,e0130b78b00ec55822dbc39a41429817,1.2.0,580.173.02,15,1
E,20260820_141131,data/session_e/day1_20260820/logs/audit_20260820_141131.jsonl,xplorer-c,2026-08-20T11:11:31+00:00,v4.8-review,2.1,E-2026-09,97241265217eb4b08e26fb718eb21f40,6,loaded,0.75,0.1,qwen3.5:4b,0c8faadc50c205b83c634430c1dae6d1a4896c9b818cb8f290aa34d535265018,Q4_K_M,f973aa0c4920e47cdd85d7e4e263e3b66fb41ddc,False,2e48375071c0e4ea7cd38c0e48ef97c5,e0130b78b00ec55822dbc39a41429817,1.2.0,580.173.02,15,1
E,20260820_141656,data/session_e/day1_20260820/logs/audit_20260820_141656.jsonl,xplorer-c,2026-08-20T11:16:56+00:00,v4.8-review,2.1,E-2026-09,97241265217eb4b08e26fb718eb21f40,6,loaded,0.75,0.1,qwen3.5:4b,0c8faadc50c205b83c634430c1dae6d1a4896c9b818cb8f290aa34d535265018,Q4_K_M,f973aa0c4920e47cdd85d7e4e263e3b66fb41ddc,False,2e48375071c0e4ea7cd38c0e48ef97c5,e0130b78b00ec55822dbc39a41429817,1.2.0,580.173.02,15,1
E,20260820_141906,data/session_e/day1_20260820/logs/audit_20260820_141906.jsonl,xplorer-c,2026-08-20T11:19:06+00:00,v4.8-review,2.1,E-2026-09,97241265217eb4b08e26fb718eb21f40,6,loaded,0.75,0.1,qwen3.5:4b,0c8faadc50c205b83c634430c1dae6d1a4896c9b818cb8f290aa34d535265018,Q4_K_M,f973aa0c4920e47cdd85d7e4e263e3b66fb41ddc,False,2e48375071c0e4ea7cd38c0e48ef97c5,e0130b78b00ec55822dbc39a41429817,1.2.0,580.173.02,15,1
E,20260820_142701,data/session_e/day1_20260820/logs/audit_20260820_142701.jsonl,xplorer-b,2026-08-20T11:27:01+00:00,v4.8-review,2.1,E-2026-09,97241265217eb4b08e26fb718eb21f40,6,loaded,0.75,0.1,qwen3.5:4b,0c8faadc50c205b83c634430c1dae6d1a4896c9b818cb8f290aa34d535265018,Q4_K_M,f973aa0c4920e47cdd85d7e4e263e3b66fb41ddc,False,2e48375071c0e4ea7cd38c0e48ef97c5,e0130b78b00ec55822dbc39a41429817,1.2.0,580.173.02,15,1
E,20260820_142805,data/session_e/day1_20260820/logs/audit_20260820_142805.jsonl,xplorer-b,2026-08-20T11:28:05+00:00,v4.8-review,2.1,E-2026-09,97241265217eb4b08e26fb718eb21f40,6,loaded,0.75,0.1,qwen3.5:4b,0c8faadc50c205b83c634430c1dae6d1a4896c9b818cb8f290aa34d535265018,Q4_K_M,f973aa0c4920e47cdd85d7e4e263e3b66fb41ddc,False,2e48375071c0e4ea7cd38c0e48ef97c5,e0130b78b00ec55822dbc39a41429817,1.2.0,580.173.02,15,1
E,20260820_143504,data/session_e/day1_20260820/logs/audit_20260820_143504.jsonl,xplorer-b,2026-08-20T11:35:04+00:00,v4.8-review,2.1,E-2026-09,97241265217eb4b08e26fb718eb21f40,6,loaded,0.75,0.1,qwen3.5:4b,0c8faadc50c205b83c634430c1dae6d1a4896c9b818cb8f290aa34d535265018,Q4_K_M,f973aa0c4920e47cdd85d7e4e263e3b66fb41ddc,False,2e48375071c0e4ea7cd38c0e48ef97c5,e0130b78b00ec55822dbc39a41429817,1.2.0,580.173.02,15,1
E,20260820_143557,data/session_e/day1_20260820/logs/audit_20260820_143557.jsonl,xplorer-b,2026-08-20T11:35:57+00:00,v4.8-review,2.1,E-2026-09,97241265217eb4b08e26fb718eb21f40,6,loaded,0.75,0.1,qwen3.5:4b,0c8faadc50c205b83c634430c1dae6d1a4896c9b818cb8f290aa34d535265018,Q4_K_M,f973aa0c4920e47cdd85d7e4e263e3b66fb41ddc,False,2e48375071c0e4ea7cd38c0e48ef97c5,e0130b78b00ec55822dbc39a41429817,1.2.0,580.173.02,15,1
E,20260820_143644,data/session_e/day1_20260820/logs/audit_20260820_143644.jsonl,xplorer-b,2026-08-20T11:36:44+00:00,v4.8-review,2.1,E-2026-09,97241265217eb4b08e26fb718eb21f40,6,loaded,0.75,0.1,qwen3.5:4b,0c8faadc50c205b83c634430c1dae6d1a4896c9b818cb8f290aa34d535265018,Q4_K_M,f973aa0c4920e47cdd85d7e4e263e3b66fb41ddc,False,2e48375071c0e4ea7cd38c0e48ef97c5,e0130b78b00ec55822dbc39a41429817,1.2.0,580.173.02,15,1
E,20260820_143732,data/session_e/day1_20260820/logs/audit_20260820_143732.jsonl,xplorer-b,2026-08-20T11:37:32+00:00,v4.8-review,2.1,E-2026-09,97241265217eb4b08e26fb718eb21f40,6,loaded,0.75,0.1,qwen3.5:4b,0c8faadc50c205b83c634430c1dae6d1a4896c9b818cb8f290aa34d535265018,Q4_K_M,f973aa0c4920e47cdd85d7e4e263e3b66fb41ddc,False,2e48375071c0e4ea7cd38c0e48ef97c5,e0130b78b00ec55822dbc39a41429817,1.2.0,580.173.02,15,1
E,20260820_144036,data/session_e/day1_20260820/logs/audit_20260820_144036.jsonl,xplorer-c,2026-08-20T11:40:36+00:00,v4.8-review,2.1,E-2026-09,97241265217eb4b08e26fb718eb21f40,6,loaded,0.75,0.1,qwen3.5:4b,0c8faadc50c205b83c634430c1dae6d1a4896c9b818cb8f290aa34d535265018,Q4_K_M,f973aa0c4920e47cdd85d7e4e263e3b66fb41ddc,False,2e48375071c0e4ea7cd38c0e48ef97c5,e0130b78b00ec55822dbc39a41429817,1.2.0,580.173.02,15,1
E,20260820_144134,data/session_e/day1_20260820/logs/audit_20260820_144134.jsonl,xplorer-c,2026-08-20T11:41:34+00:00,v4.8-review,2.1,E-2026-09,97241265217eb4b08e26fb718eb21f40,6,loaded,0.75,0.1,qwen3.5:4b,0c8faadc50c205b83c634430c1dae6d1a4896c9b818cb8f290aa34d535265018,Q4_K_M,f973aa0c4920e47cdd85d7e4e263e3b66fb41ddc,False,2e48375071c0e4ea7cd38c0e48ef97c5,e0130b78b00ec55822dbc39a41429817,1.2.0,580.173.02,15,1
E,20260820_144235,data/session_e/day1_20260820/logs/audit_20260820_144235.jsonl,xplorer-c,2026-08-20T11:42:35+00:00,v4.8-review,2.1,E-2026-09,97241265217eb4b08e26fb718eb21f40,6,loaded,0.75,0.1,qwen3.5:4b,0c8faadc50c205b83c634430c1dae6d1a4896c9b818cb8f290aa34d535265018,Q4_K_M,f973aa0c4920e47cdd85d7e4e263e3b66fb41ddc,False,2e48375071c0e4ea7cd38c0e48ef97c5,e0130b78b00ec55822dbc39a41429817,1.2.0,580.173.02,15,1
E,20260820_144319,data/session_e/day1_20260820/logs/audit_20260820_144319.jsonl,xplorer-c,2026-08-20T11:43:19+00:00,v4.8-review,2.1,E-2026-09,97241265217eb4b08e26fb718eb21f40,6,loaded,0.75,0.1,qwen3.5:4b,0c8faadc50c205b83c634430c1dae6d1a4896c9b818cb8f290aa34d535265018,Q4_K_M,f973aa0c4920e47cdd85d7e4e263e3b66fb41ddc,False,2e48375071c0e4ea7cd38c0e48ef97c5,e0130b78b00ec55822dbc39a41429817,1.2.0,580.173.02,15,1
E,20260820_144526,data/session_e/day1_20260820/logs/audit_20260820_144526.jsonl,xplorer-c,2026-08-20T11:45:26+00:00,v4.8-review,2.1,E-2026-09,97241265217eb4b08e26fb718eb21f40,6,loaded,0.75,0.1,qwen3.5:4b,0c8faadc50c205b83c634430c1dae6d1a4896c9b818cb8f290aa34d535265018,Q4_K_M,f973aa0c4920e47cdd85d7e4e263e3b66fb41ddc,False,2e48375071c0e4ea7cd38c0e48ef97c5,e0130b78b00ec55822dbc39a41429817,1.2.0,580.173.02,15,1
E,20260820_144633,data/session_e/day1_20260820/logs/audit_20260820_144633.jsonl,xplorer-c,2026-08-20T11:46:33+00:00,v4.8-review,2.1,E-2026-09,97241265217eb4b08e26fb718eb21f40,6,loaded,0.75,0.1,qwen3.5:4b,0c8faadc50c205b83c634430c1dae6d1a4896c9b818cb8f290aa34d535265018,Q4_K_M,f973aa0c4920e47cdd85d7e4e263e3b66fb41ddc,False,2e48375071c0e4ea7cd38c0e48ef97c5,e0130b78b00ec55822dbc39a41429817,1.2.0,580.173.02,15,1
E,20260820_145232,data/session_e/day1_20260820/logs/audit_20260820_145232.jsonl,xplorer-b,2026-08-20T11:52:32+00:00,v4.8-review,2.1,E-2026-09,97241265217eb4b08e26fb718eb21f40,6,loaded,0.75,0.1,qwen3.5:4b,0c8faadc50c205b83c634430c1dae6d1a4896c9b818cb8f290aa34d535265018,Q4_K_M,f973aa0c4920e47cdd85d7e4e263e3b66fb41ddc,False,2e48375071c0e4ea7cd38c0e48ef97c5,e0130b78b00ec55822dbc39a41429817,1.2.0,580.173.02,15,1
E,20260820_145354,data/session_e/day1_20260820/logs/audit_20260820_145354.jsonl,xplorer-b,2026-08-20T11:53:54+00:00,v4.8-review,2.1,E-2026-09,97241265217eb4b08e26fb718eb21f40,6,loaded,0.75,0.1,qwen3.5:4b,0c8faadc50c205b83c634430c1dae6d1a4896c9b818cb8f290aa34d535265018,Q4_K_M,f973aa0c4920e47cdd85d7e4e263e3b66fb41ddc,False,2e48375071c0e4ea7cd38c0e48ef97c5,e0130b78b00ec55822dbc39a41429817,1.2.0,580.173.02,15,2
E,20260820_150456,data/session_e/day1_20260820/logs/audit_20260820_150456.jsonl,xplorer-b,2026-08-20T12:04:56+00:00,v4.8-review,2.1,E-2026-09,97241265217eb4b08e26fb718eb21f40,6,loaded,0.75,0.1,qwen3.5:4b,0c8faadc50c205b83c634430c1dae6d1a4896c9b818cb8f290aa34d535265018,Q4_K_M,f973aa0c4920e47cdd85d7e4e263e3b66fb41ddc,False,2e48375071c0e4ea7cd38c0e48ef97c5,e0130b78b00ec55822dbc39a41429817,1.2.0,580.173.02,15,1
E,20260820_150614,data/session_e/day1_20260820/logs/audit_20260820_150614.jsonl,xplorer-b,2026-08-20T12:06:14+00:00,v4.8-review,2.1,E-2026-09,97241265217eb4b08e26fb718eb21f40,6,loaded,0.75,0.1,qwen3.5:4b,0c8faadc50c205b83c634430c1dae6d1a4896c9b818cb8f290aa34d535265018,Q4_K_M,f973aa0c4920e47cdd85d7e4e263e3b66fb41ddc,False,2e48375071c0e4ea7cd38c0e48ef97c5,e0130b78b00ec55822dbc39a41429817,1.2.0,580.173.02,15,1
E,20260820_150652,data/session_e/day1_20260820/logs/audit_20260820_150652.jsonl,xplorer-b,2026-08-20T12:06:52+00:00,v4.8-review,2.1,E-2026-09,97241265217eb4b08e26fb718eb21f40,6,loaded,0.75,0.1,qwen3.5:4b,0c8faadc50c205b83c634430c1dae6d1a4896c9b818cb8f290aa34d535265018,Q4_K_M,f973aa0c4920e47cdd85d7e4e263e3b66fb41ddc,False,2e48375071c0e4ea7cd38c0e48ef97c5,e0130b78b00ec55822dbc39a41429817,1.2.0,580.173.02,15,1
E,20260820_150808,data/session_e/day1_20260820/logs/audit_20260820_150808.jsonl,xplorer-b,2026-08-20T12:08:08+00:00,v4.8-review,2.1,E-2026-09,97241265217eb4b08e26fb718eb21f40,6,loaded,0.75,0.1,qwen3.5:4b,0c8faadc50c205b83c634430c1dae6d1a4896c9b818cb8f290aa34d535265018,Q4_K_M,f973aa0c4920e47cdd85d7e4e263e3b66fb41ddc,False,2e48375071c0e4ea7cd38c0e48ef97c5,e0130b78b00ec55822dbc39a41429817,1.2.0,580.173.02,15,1
E,20260820_150840,data/session_e/day1_20260820/logs/audit_20260820_150840.jsonl,xplorer-b,2026-08-20T12:08:40+00:00,v4.8-review,2.1,E-2026-09,97241265217eb4b08e26fb718eb21f40,6,loaded,0.75,0.1,qwen3.5:4b,0c8faadc50c205b83c634430c1dae6d1a4896c9b818cb8f290aa34d535265018,Q4_K_M,f973aa0c4920e47cdd85d7e4e263e3b66fb41ddc,False,2e48375071c0e4ea7cd38c0e48ef97c5,e0130b78b00ec55822dbc39a41429817,1.2.0,580.173.02,15,1
E,20260820_150904,data/session_e/day1_20260820/logs/audit_20260820_150904.jsonl,xplorer-b,2026-08-20T12:09:04+00:00,v4.8-review,2.1,E-2026-09,97241265217eb4b08e26fb718eb21f40,6,loaded,0.75,0.1,qwen3.5:4b,0c8faadc50c205b83c634430c1dae6d1a4896c9b818cb8f290aa34d535265018,Q4_K_M,f973aa0c4920e47cdd85d7e4e263e3b66fb41ddc,False,2e48375071c0e4ea7cd38c0e48ef97c5,e0130b78b00ec55822dbc39a41429817,1.2.0,580.173.02,15,1
E,20260820_150931,data/session_e/day1_20260820/logs/audit_20260820_150931.jsonl,xplorer-b,2026-08-20T12:09:31+00:00,v4.8-review,2.1,E-2026-09,97241265217eb4b08e26fb718eb21f40,6,loaded,0.75,0.1,qwen3.5:4b,0c8faadc50c205b83c634430c1dae6d1a4896c9b818cb8f290aa34d535265018,Q4_K_M,f973aa0c4920e47cdd85d7e4e263e3b66fb41ddc,False,2e48375071c0e4ea7cd38c0e48ef97c5,e0130b78b00ec55822dbc39a41429817,1.2.0,580.173.02,15,1
E,20260820_151130,data/session_e/day1_20260820/logs/audit_20260820_151130.jsonl,xplorer-b,2026-08-20T12:11:30+00:00,v4.8-review,2.1,E-2026-09,97241265217eb4b08e26fb718eb21f40,6,loaded,0.75,0.1,qwen3.5:4b,0c8faadc50c205b83c634430c1dae6d1a4896c9b818cb8f290aa34d535265018,Q4_K_M,f973aa0c4920e47cdd85d7e4e263e3b66fb41ddc,False,2e48375071c0e4ea7cd38c0e48ef97c5,e0130b78b00ec55822dbc39a41429817,1.2.0,580.173.02,15,0
E,20260820_151133,data/session_e/day1_20260820/logs/audit_20260820_151133.jsonl,xplorer-b,2026-08-20T12:11:33+00:00,v4.8-review,2.1,E-2026-09,97241265217eb4b08e26fb718eb21f40,6,loaded,0.75,0.1,qwen3.5:4b,0c8faadc50c205b83c634430c1dae6d1a4896c9b818cb8f290aa34d535265018,Q4_K_M,f973aa0c4920e47cdd85d7e4e263e3b66fb41ddc,False,2e48375071c0e4ea7cd38c0e48ef97c5,e0130b78b00ec55822dbc39a41429817,1.2.0,580.173.02,15,0
E,20260820_151214,data/session_e/day1_20260820/logs/audit_20260820_151214.jsonl,xplorer-b,2026-08-20T12:12:14+00:00,v4.8-review,2.1,E-2026-09,97241265217eb4b08e26fb718eb21f40,6,loaded,0.75,0.1,qwen3.5:4b,0c8faadc50c205b83c634430c1dae6d1a4896c9b818cb8f290aa34d535265018,Q4_K_M,f973aa0c4920e47cdd85d7e4e263e3b66fb41ddc,False,2e48375071c0e4ea7cd38c0e48ef97c5,e0130b78b00ec55822dbc39a41429817,1.2.0,580.173.02,15,1
E,20260820_151349,data/session_e/day1_20260820/logs/audit_20260820_151349.jsonl,xplorer-b,2026-08-20T12:13:49+00:00,v4.8-review,2.1,E-2026-09,97241265217eb4b08e26fb718eb21f40,6,loaded,0.75,0.1,qwen3.5:4b,0c8faadc50c205b83c634430c1dae6d1a4896c9b818cb8f290aa34d535265018,Q4_K_M,f973aa0c4920e47cdd85d7e4e263e3b66fb41ddc,False,2e48375071c0e4ea7cd38c0e48ef97c5,e0130b78b00ec55822dbc39a41429817,1.2.0,580.173.02,15,1
E,20260820_151423,data/session_e/day1_20260820/logs/audit_20260820_151423.jsonl,xplorer-b,2026-08-20T12:14:23+00:00,v4.8-review,2.1,E-2026-09,97241265217eb4b08e26fb718eb21f40,6,loaded,0.75,0.1,qwen3.5:4b,0c8faadc50c205b83c634430c1dae6d1a4896c9b818cb8f290aa34d535265018,Q4_K_M,f973aa0c4920e47cdd85d7e4e263e3b66fb41ddc,False,2e48375071c0e4ea7cd38c0e48ef97c5,e0130b78b00ec55822dbc39a41429817,1.2.0,580.173.02,15,1
E,20260820_151458,data/session_e/day1_20260820/logs/audit_20260820_151458.jsonl,xplorer-b,2026-08-20T12:14:58+00:00,v4.8-review,2.1,E-2026-09,97241265217eb4b08e26fb718eb21f40,6,loaded,0.75,0.1,qwen3.5:4b,0c8faadc50c205b83c634430c1dae6d1a4896c9b818cb8f290aa34d535265018,Q4_K_M,f973aa0c4920e47cdd85d7e4e263e3b66fb41ddc,False,2e48375071c0e4ea7cd38c0e48ef97c5,e0130b78b00ec55822dbc39a41429817,1.2.0,580.173.02,15,2
E,20260820_151704,data/session_e/day1_20260820/logs/audit_20260820_151704.jsonl,xplorer-b,2026-08-20T12:17:04+00:00,v4.8-review,2.1,E-2026-09,97241265217eb4b08e26fb718eb21f40,6,loaded,0.75,0.1,qwen3.5:4b,0c8faadc50c205b83c634430c1dae6d1a4896c9b818cb8f290aa34d535265018,Q4_K_M,f973aa0c4920e47cdd85d7e4e263e3b66fb41ddc,False,2e48375071c0e4ea7cd38c0e48ef97c5,e0130b78b00ec55822dbc39a41429817,1.2.0,580.173.02,15,1
E,20260820_151743,data/session_e/day1_20260820/logs/audit_20260820_151743.jsonl,xplorer-b,2026-08-20T12:17:43+00:00,v4.8-review,2.1,E-2026-09,97241265217eb4b08e26fb718eb21f40,6,loaded,0.75,0.1,qwen3.5:4b,0c8faadc50c205b83c634430c1dae6d1a4896c9b818cb8f290aa34d535265018,Q4_K_M,f973aa0c4920e47cdd85d7e4e263e3b66fb41ddc,False,2e48375071c0e4ea7cd38c0e48ef97c5,e0130b78b00ec55822dbc39a41429817,1.2.0,580.173.02,15,1
E,20260820_151916,data/session_e/day1_20260820/logs/audit_20260820_151916.jsonl,xplorer-b,2026-08-20T12:19:16+00:00,v4.8-review,2.1,E-2026-09,97241265217eb4b08e26fb718eb21f40,6,loaded,0.75,0.1,qwen3.5:4b,0c8faadc50c205b83c634430c1dae6d1a4896c9b818cb8f290aa34d535265018,Q4_K_M,f973aa0c4920e47cdd85d7e4e263e3b66fb41ddc,False,2e48375071c0e4ea7cd38c0e48ef97c5,e0130b78b00ec55822dbc39a41429817,1.2.0,580.173.02,15,1
E,20260820_152059,data/session_e/day1_20260820/logs/audit_20260820_152059.jsonl,xplorer-b,2026-08-20T12:20:59+00:00,v4.8-review,2.1,E-2026-09,97241265217eb4b08e26fb718eb21f40,6,loaded,0.75,0.1,qwen3.5:4b,0c8faadc50c205b83c634430c1dae6d1a4896c9b818cb8f290aa34d535265018,Q4_K_M,f973aa0c4920e47cdd85d7e4e263e3b66fb41ddc,False,2e48375071c0e4ea7cd38c0e48ef97c5,e0130b78b00ec55822dbc39a41429817,1.2.0,580.173.02,15,1
E,20260820_152130,data/session_e/day1_20260820/logs/audit_20260820_152130.jsonl,xplorer-b,2026-08-20T12:21:30+00:00,v4.8-review,2.1,E-2026-09,97241265217eb4b08e26fb718eb21f40,6,loaded,0.75,0.1,qwen3.5:4b,0c8faadc50c205b83c634430c1dae6d1a4896c9b818cb8f290aa34d535265018,Q4_K_M,f973aa0c4920e47cdd85d7e4e263e3b66fb41ddc,False,2e48375071c0e4ea7cd38c0e48ef97c5,e0130b78b00ec55822dbc39a41429817,1.2.0,580.173.02,15,1
E,20260820_152237,data/session_e/day1_20260820/logs/audit_20260820_152237.jsonl,xplorer-b,2026-08-20T12:22:37+00:00,v4.8-review,2.1,E-2026-09,97241265217eb4b08e26fb718eb21f40,6,loaded,0.75,0.1,qwen3.5:4b,0c8faadc50c205b83c634430c1dae6d1a4896c9b818cb8f290aa34d535265018,Q4_K_M,f973aa0c4920e47cdd85d7e4e263e3b66fb41ddc,False,2e48375071c0e4ea7cd38c0e48ef97c5,e0130b78b00ec55822dbc39a41429817,1.2.0,580.173.02,15,1
E,20260820_152411,data/session_e/day1_20260820/logs/audit_20260820_152411.jsonl,xplorer-b,2026-08-20T12:24:11+00:00,v4.8-review,2.1,E-2026-09,97241265217eb4b08e26fb718eb21f40,6,loaded,0.75,0.1,qwen3.5:4b,0c8faadc50c205b83c634430c1dae6d1a4896c9b818cb8f290aa34d535265018,Q4_K_M,f973aa0c4920e47cdd85d7e4e263e3b66fb41ddc,False,2e48375071c0e4ea7cd38c0e48ef97c5,e0130b78b00ec55822dbc39a41429817,1.2.0,580.173.02,15,1
E,20260820_152450,data/session_e/day1_20260820/logs/audit_20260820_152450.jsonl,xplorer-b,2026-08-20T12:24:50+00:00,v4.8-review,2.1,E-2026-09,97241265217eb4b08e26fb718eb21f40,6,loaded,0.75,0.1,qwen3.5:4b,0c8faadc50c205b83c634430c1dae6d1a4896c9b818cb8f290aa34d535265018,Q4_K_M,f973aa0c4920e47cdd85d7e4e263e3b66fb41ddc,False,2e48375071c0e4ea7cd38c0e48ef97c5,e0130b78b00ec55822dbc39a41429817,1.2.0,580.173.02,15,1
E,20260820_152555,data/session_e/day1_20260820/logs/audit_20260820_152555.jsonl,xplorer-b,2026-08-20T12:25:55+00:00,v4.8-review,2.1,E-2026-09,97241265217eb4b08e26fb718eb21f40,6,loaded,0.75,0.1,qwen3.5:4b,0c8faadc50c205b83c634430c1dae6d1a4896c9b818cb8f290aa34d535265018,Q4_K_M,f973aa0c4920e47cdd85d7e4e263e3b66fb41ddc,False,2e48375071c0e4ea7cd38c0e48ef97c5,e0130b78b00ec55822dbc39a41429817,1.2.0,580.173.02,15,1
E,20260820_152656,data/session_e/day1_20260820/logs/audit_20260820_152656.jsonl,xplorer-b,2026-08-20T12:26:56+00:00,v4.8-review,2.1,E-2026-09,97241265217eb4b08e26fb718eb21f40,6,loaded,0.75,0.1,qwen3.5:4b,0c8faadc50c205b83c634430c1dae6d1a4896c9b818cb8f290aa34d535265018,Q4_K_M,f973aa0c4920e47cdd85d7e4e263e3b66fb41ddc,False,2e48375071c0e4ea7cd38c0e48ef97c5,e0130b78b00ec55822dbc39a41429817,1.2.0,580.173.02,15,1
E,20260820_152803,data/session_e/day1_20260820/logs/audit_20260820_152803.jsonl,xplorer-b,2026-08-20T12:28:03+00:00,v4.8-review,2.1,E-2026-09,97241265217eb4b08e26fb718eb21f40,6,loaded,0.75,0.1,qwen3.5:4b,0c8faadc50c205b83c634430c1dae6d1a4896c9b818cb8f290aa34d535265018,Q4_K_M,f973aa0c4920e47cdd85d7e4e263e3b66fb41ddc,False,2e48375071c0e4ea7cd38c0e48ef97c5,e0130b78b00ec55822dbc39a41429817,1.2.0,580.173.02,15,1
E,20260820_153008,data/session_e/day1_20260820/logs/audit_20260820_153008.jsonl,xplorer-b,2026-08-20T12:30:08+00:00,v4.8-review,2.1,E-2026-09,97241265217eb4b08e26fb718eb21f40,6,loaded,0.75,0.1,qwen3.5:4b,0c8faadc50c205b83c634430c1dae6d1a4896c9b818cb8f290aa34d535265018,Q4_K_M,f973aa0c4920e47cdd85d7e4e263e3b66fb41ddc,False,2e48375071c0e4ea7cd38c0e48ef97c5,e0130b78b00ec55822dbc39a41429817,1.2.0,580.173.02,15,1
E,20260820_153622,data/session_e/day1_20260820/logs/audit_20260820_153622.jsonl,xplorer-c,2026-08-20T12:36:22+00:00,v4.8-review,2.1,E-2026-09,97241265217eb4b08e26fb718eb21f40,6,loaded,0.75,0.1,qwen3.5:4b,0c8faadc50c205b83c634430c1dae6d1a4896c9b818cb8f290aa34d535265018,Q4_K_M,f973aa0c4920e47cdd85d7e4e263e3b66fb41ddc,False,2e48375071c0e4ea7cd38c0e48ef97c5,e0130b78b00ec55822dbc39a41429817,1.2.0,580.173.02,15,1
E,20260820_153654,data/session_e/day1_20260820/logs/audit_20260820_153654.jsonl,xplorer-c,2026-08-20T12:36:54+00:00,v4.8-review,2.1,E-2026-09,97241265217eb4b08e26fb718eb21f40,6,loaded,0.75,0.1,qwen3.5:4b,0c8faadc50c205b83c634430c1dae6d1a4896c9b818cb8f290aa34d535265018,Q4_K_M,f973aa0c4920e47cdd85d7e4e263e3b66fb41ddc,False,2e48375071c0e4ea7cd38c0e48ef97c5,e0130b78b00ec55822dbc39a41429817,1.2.0,580.173.02,15,1
E,20260820_153723,data/session_e/day1_20260820/logs/audit_20260820_153723.jsonl,xplorer-c,2026-08-20T12:37:23+00:00,v4.8-review,2.1,E-2026-09,97241265217eb4b08e26fb718eb21f40,6,loaded,0.75,0.1,qwen3.5:4b,0c8faadc50c205b83c634430c1dae6d1a4896c9b818cb8f290aa34d535265018,Q4_K_M,f973aa0c4920e47cdd85d7e4e263e3b66fb41ddc,False,2e48375071c0e4ea7cd38c0e48ef97c5,e0130b78b00ec55822dbc39a41429817,1.2.0,580.173.02,15,1
E,20260820_153859,data/session_e/day1_20260820/logs/audit_20260820_153859.jsonl,xplorer-c,2026-08-20T12:38:59+00:00,v4.8-review,2.1,E-2026-09,97241265217eb4b08e26fb718eb21f40,6,loaded,0.75,0.1,qwen3.5:4b,0c8faadc50c205b83c634430c1dae6d1a4896c9b818cb8f290aa34d535265018,Q4_K_M,f973aa0c4920e47cdd85d7e4e263e3b66fb41ddc,False,2e48375071c0e4ea7cd38c0e48ef97c5,e0130b78b00ec55822dbc39a41429817,1.2.0,580.173.02,15,1
E,20260820_153927,data/session_e/day1_20260820/logs/audit_20260820_153927.jsonl,xplorer-c,2026-08-20T12:39:27+00:00,v4.8-review,2.1,E-2026-09,97241265217eb4b08e26fb718eb21f40,6,loaded,0.75,0.1,qwen3.5:4b,0c8faadc50c205b83c634430c1dae6d1a4896c9b818cb8f290aa34d535265018,Q4_K_M,f973aa0c4920e47cdd85d7e4e263e3b66fb41ddc,False,2e48375071c0e4ea7cd38c0e48ef97c5,e0130b78b00ec55822dbc39a41429817,1.2.0,580.173.02,15,1
E,20260820_153951,data/session_e/day1_20260820/logs/audit_20260820_153951.jsonl,xplorer-c,2026-08-20T12:39:51+00:00,v4.8-review,2.1,E-2026-09,97241265217eb4b08e26fb718eb21f40,6,loaded,0.75,0.1,qwen3.5:4b,0c8faadc50c205b83c634430c1dae6d1a4896c9b818cb8f290aa34d535265018,Q4_K_M,f973aa0c4920e47cdd85d7e4e263e3b66fb41ddc,False,2e48375071c0e4ea7cd38c0e48ef97c5,e0130b78b00ec55822dbc39a41429817,1.2.0,580.173.02,15,1
E,20260820_154012,data/session_e/day1_20260820/logs/audit_20260820_154012.jsonl,xplorer-c,2026-08-20T12:40:12+00:00,v4.8-review,2.1,E-2026-09,97241265217eb4b08e26fb718eb21f40,6,loaded,0.75,0.1,qwen3.5:4b,0c8faadc50c205b83c634430c1dae6d1a4896c9b818cb8f290aa34d535265018,Q4_K_M,f973aa0c4920e47cdd85d7e4e263e3b66fb41ddc,False,2e48375071c0e4ea7cd38c0e48ef97c5,e0130b78b00ec55822dbc39a41429817,1.2.0,580.173.02,15,1
E,20260820_154029,data/session_e/day1_20260820/logs/audit_20260820_154029.jsonl,xplorer-c,2026-08-20T12:40:29+00:00,v4.8-review,2.1,E-2026-09,97241265217eb4b08e26fb718eb21f40,6,loaded,0.75,0.1,qwen3.5:4b,0c8faadc50c205b83c634430c1dae6d1a4896c9b818cb8f290aa34d535265018,Q4_K_M,f973aa0c4920e47cdd85d7e4e263e3b66fb41ddc,False,2e48375071c0e4ea7cd38c0e48ef97c5,e0130b78b00ec55822dbc39a41429817,1.2.0,580.173.02,15,1
E,20260820_154142,data/session_e/day1_20260820/logs/audit_20260820_154142.jsonl,xplorer-c,2026-08-20T12:41:42+00:00,v4.8-review,2.1,E-2026-09,97241265217eb4b08e26fb718eb21f40,6,loaded,0.75,0.1,qwen3.5:4b,0c8faadc50c205b83c634430c1dae6d1a4896c9b818cb8f290aa34d535265018,Q4_K_M,f973aa0c4920e47cdd85d7e4e263e3b66fb41ddc,False,2e48375071c0e4ea7cd38c0e48ef97c5,e0130b78b00ec55822dbc39a41429817,1.2.0,580.173.02,15,1
E,20260820_154206,data/session_e/day1_20260820/logs/audit_20260820_154206.jsonl,xplorer-c,2026-08-20T12:42:06+00:00,v4.8-review,2.1,E-2026-09,97241265217eb4b08e26fb718eb21f40,6,loaded,0.75,0.1,qwen3.5:4b,0c8faadc50c205b83c634430c1dae6d1a4896c9b818cb8f290aa34d535265018,Q4_K_M,f973aa0c4920e47cdd85d7e4e263e3b66fb41ddc,False,2e48375071c0e4ea7cd38c0e48ef97c5,e0130b78b00ec55822dbc39a41429817,1.2.0,580.173.02,15,1
E,20260820_154234,data/session_e/day1_20260820/logs/audit_20260820_154234.jsonl,xplorer-c,2026-08-20T12:42:34+00:00,v4.8-review,2.1,E-2026-09,97241265217eb4b08e26fb718eb21f40,6,loaded,0.75,0.1,qwen3.5:4b,0c8faadc50c205b83c634430c1dae6d1a4896c9b818cb8f290aa34d535265018,Q4_K_M,f973aa0c4920e47cdd85d7e4e263e3b66fb41ddc,False,2e48375071c0e4ea7cd38c0e48ef97c5,e0130b78b00ec55822dbc39a41429817,1.2.0,580.173.02,15,1
E,20260820_154348,data/session_e/day1_20260820/logs/audit_20260820_154348.jsonl,xplorer-c,2026-08-20T12:43:48+00:00,v4.8-review,2.1,E-2026-09,97241265217eb4b08e26fb718eb21f40,6,loaded,0.75,0.1,qwen3.5:4b,0c8faadc50c205b83c634430c1dae6d1a4896c9b818cb8f290aa34d535265018,Q4_K_M,f973aa0c4920e47cdd85d7e4e263e3b66fb41ddc,False,2e48375071c0e4ea7cd38c0e48ef97c5,e0130b78b00ec55822dbc39a41429817,1.2.0,580.173.02,15,1
E,20260820_154422,data/session_e/day1_20260820/logs/audit_20260820_154422.jsonl,xplorer-c,2026-08-20T12:44:22+00:00,v4.8-review,2.1,E-2026-09,97241265217eb4b08e26fb718eb21f40,6,loaded,0.75,0.1,qwen3.5:4b,0c8faadc50c205b83c634430c1dae6d1a4896c9b818cb8f290aa34d535265018,Q4_K_M,f973aa0c4920e47cdd85d7e4e263e3b66fb41ddc,False,2e48375071c0e4ea7cd38c0e48ef97c5,e0130b78b00ec55822dbc39a41429817,1.2.0,580.173.02,15,1
E,20260820_154520,data/session_e/day1_20260820/logs/audit_20260820_154520.jsonl,xplorer-c,2026-08-20T12:45:20+00:00,v4.8-review,2.1,E-2026-09,97241265217eb4b08e26fb718eb21f40,6,loaded,0.75,0.1,qwen3.5:4b,0c8faadc50c205b83c634430c1dae6d1a4896c9b818cb8f290aa34d535265018,Q4_K_M,f973aa0c4920e47cdd85d7e4e263e3b66fb41ddc,False,2e48375071c0e4ea7cd38c0e48ef97c5,e0130b78b00ec55822dbc39a41429817,1.2.0,580.173.02,15,2
E,20260820_154745,data/session_e/day1_20260820/logs/audit_20260820_154745.jsonl,xplorer-c,2026-08-20T12:47:45+00:00,v4.8-review,2.1,E-2026-09,97241265217eb4b08e26fb718eb21f40,6,loaded,0.75,0.1,qwen3.5:4b,0c8faadc50c205b83c634430c1dae6d1a4896c9b818cb8f290aa34d535265018,Q4_K_M,f973aa0c4920e47cdd85d7e4e263e3b66fb41ddc,False,2e48375071c0e4ea7cd38c0e48ef97c5,e0130b78b00ec55822dbc39a41429817,1.2.0,580.173.02,15,1
E,20260820_154819,data/session_e/day1_20260820/logs/audit_20260820_154819.jsonl,xplorer-c,2026-08-20T12:48:19+00:00,v4.8-review,2.1,E-2026-09,97241265217eb4b08e26fb718eb21f40,6,loaded,0.75,0.1,qwen3.5:4b,0c8faadc50c205b83c634430c1dae6d1a4896c9b818cb8f290aa34d535265018,Q4_K_M,f973aa0c4920e47cdd85d7e4e263e3b66fb41ddc,False,2e48375071c0e4ea7cd38c0e48ef97c5,e0130b78b00ec55822dbc39a41429817,1.2.0,580.173.02,15,1
E,20260820_154847,data/session_e/day1_20260820/logs/audit_20260820_154847.jsonl,xplorer-c,2026-08-20T12:48:47+00:00,v4.8-review,2.1,E-2026-09,97241265217eb4b08e26fb718eb21f40,6,loaded,0.75,0.1,qwen3.5:4b,0c8faadc50c205b83c634430c1dae6d1a4896c9b818cb8f290aa34d535265018,Q4_K_M,f973aa0c4920e47cdd85d7e4e263e3b66fb41ddc,False,2e48375071c0e4ea7cd38c0e48ef97c5,e0130b78b00ec55822dbc39a41429817,1.2.0,580.173.02,15,1
E,20260820_154912,data/session_e/day1_20260820/logs/audit_20260820_154912.jsonl,xplorer-c,2026-08-20T12:49:12+00:00,v4.8-review,2.1,E-2026-09,97241265217eb4b08e26fb718eb21f40,6,loaded,0.75,0.1,qwen3.5:4b,0c8faadc50c205b83c634430c1dae6d1a4896c9b818cb8f290aa34d535265018,Q4_K_M,f973aa0c4920e47cdd85d7e4e263e3b66fb41ddc,False,2e48375071c0e4ea7cd38c0e48ef97c5,e0130b78b00ec55822dbc39a41429817,1.2.0,580.173.02,15,1
E,20260820_155021,data/session_e/day1_20260820/logs/audit_20260820_155021.jsonl,xplorer-c,2026-08-20T12:50:21+00:00,v4.8-review,2.1,E-2026-09,97241265217eb4b08e26fb718eb21f40,6,loaded,0.75,0.1,qwen3.5:4b,0c8faadc50c205b83c634430c1dae6d1a4896c9b818cb8f290aa34d535265018,Q4_K_M,f973aa0c4920e47cdd85d7e4e263e3b66fb41ddc,False,2e48375071c0e4ea7cd38c0e48ef97c5,e0130b78b00ec55822dbc39a41429817,1.2.0,580.173.02,15,1
E,20260820_155048,data/session_e/day1_20260820/logs/audit_20260820_155048.jsonl,xplorer-c,2026-08-20T12:50:48+00:00,v4.8-review,2.1,E-2026-09,97241265217eb4b08e26fb718eb21f40,6,loaded,0.75,0.1,qwen3.5:4b,0c8faadc50c205b83c634430c1dae6d1a4896c9b818cb8f290aa34d535265018,Q4_K_M,f973aa0c4920e47cdd85d7e4e263e3b66fb41ddc,False,2e48375071c0e4ea7cd38c0e48ef97c5,e0130b78b00ec55822dbc39a41429817,1.2.0,580.173.02,15,1
E,20260820_155138,data/session_e/day1_20260820/logs/audit_20260820_155138.jsonl,xplorer-c,2026-08-20T12:51:38+00:00,v4.8-review,2.1,E-2026-09,97241265217eb4b08e26fb718eb21f40,6,loaded,0.75,0.1,qwen3.5:4b,0c8faadc50c205b83c634430c1dae6d1a4896c9b818cb8f290aa34d535265018,Q4_K_M,f973aa0c4920e47cdd85d7e4e263e3b66fb41ddc,False,2e48375071c0e4ea7cd38c0e48ef97c5,e0130b78b00ec55822dbc39a41429817,1.2.0,580.173.02,15,1
E,20260820_155310,data/session_e/day1_20260820/logs/audit_20260820_155310.jsonl,xplorer-c,2026-08-20T12:53:10+00:00,v4.8-review,2.1,E-2026-09,97241265217eb4b08e26fb718eb21f40,6,loaded,0.75,0.1,qwen3.5:4b,0c8faadc50c205b83c634430c1dae6d1a4896c9b818cb8f290aa34d535265018,Q4_K_M,f973aa0c4920e47cdd85d7e4e263e3b66fb41ddc,False,2e48375071c0e4ea7cd38c0e48ef97c5,e0130b78b00ec55822dbc39a41429817,1.2.0,580.173.02,15,1
E,20260820_155407,data/session_e/day1_20260820/logs/audit_20260820_155407.jsonl,xplorer-c,2026-08-20T12:54:07+00:00,v4.8-review,2.1,E-2026-09,97241265217eb4b08e26fb718eb21f40,6,loaded,0.75,0.1,qwen3.5:4b,0c8faadc50c205b83c634430c1dae6d1a4896c9b818cb8f290aa34d535265018,Q4_K_M,f973aa0c4920e47cdd85d7e4e263e3b66fb41ddc,False,2e48375071c0e4ea7cd38c0e48ef97c5,e0130b78b00ec55822dbc39a41429817,1.2.0,580.173.02,15,1
E,20260820_155439,data/session_e/day1_20260820/logs/audit_20260820_155439.jsonl,xplorer-c,2026-08-20T12:54:39+00:00,v4.8-review,2.1,E-2026-09,97241265217eb4b08e26fb718eb21f40,6,loaded,0.75,0.1,qwen3.5:4b,0c8faadc50c205b83c634430c1dae6d1a4896c9b818cb8f290aa34d535265018,Q4_K_M,f973aa0c4920e47cdd85d7e4e263e3b66fb41ddc,False,2e48375071c0e4ea7cd38c0e48ef97c5,e0130b78b00ec55822dbc39a41429817,1.2.0,580.173.02,15,1
E,20260820_155612,data/session_e/day1_20260820/logs/audit_20260820_155612.jsonl,xplorer-c,2026-08-20T12:56:12+00:00,v4.8-review,2.1,E-2026-09,97241265217eb4b08e26fb718eb21f40,6,loaded,0.75,0.1,qwen3.5:4b,0c8faadc50c205b83c634430c1dae6d1a4896c9b818cb8f290aa34d535265018,Q4_K_M,f973aa0c4920e47cdd85d7e4e263e3b66fb41ddc,False,2e48375071c0e4ea7cd38c0e48ef97c5,e0130b78b00ec55822dbc39a41429817,1.2.0,580.173.02,15,1
E,20260820_155830,data/session_e/day1_20260820/logs/audit_20260820_155830.jsonl,xplorer-c,2026-08-20T12:58:30+00:00,v4.8-review,2.1,E-2026-09,97241265217eb4b08e26fb718eb21f40,6,loaded,0.75,0.1,qwen3.5:4b,0c8faadc50c205b83c634430c1dae6d1a4896c9b818cb8f290aa34d535265018,Q4_K_M,f973aa0c4920e47cdd85d7e4e263e3b66fb41ddc,False,2e48375071c0e4ea7cd38c0e48ef97c5,e0130b78b00ec55822dbc39a41429817,1.2.0,580.173.02,15,1
E,20260820_160313,data/session_e/day1_20260820/logs/audit_20260820_160313.jsonl,xplorer-b,2026-08-20T13:03:13+00:00,v4.8-review,2.1,E-2026-09,97241265217eb4b08e26fb718eb21f40,6,loaded,0.75,0.1,qwen3.5:4b,0c8faadc50c205b83c634430c1dae6d1a4896c9b818cb8f290aa34d535265018,Q4_K_M,f973aa0c4920e47cdd85d7e4e263e3b66fb41ddc,False,2e48375071c0e4ea7cd38c0e48ef97c5,e0130b78b00ec55822dbc39a41429817,1.2.0,580.173.02,15,1
E,20260821_103929,data/session_e/day2_20260821/logs/audit_20260821_103929.jsonl,xplorer-c,2026-08-21T07:39:29+00:00,v4.8-review,2.1,E-2026-09,aba2b031774e8479ce8c9d9262c0cb34,8,loaded,0.75,0.1,qwen3.5:4b,0c8faadc50c205b83c634430c1dae6d1a4896c9b818cb8f290aa34d535265018,Q4_K_M,f973aa0c4920e47cdd85d7e4e263e3b66fb41ddc,False,2e48375071c0e4ea7cd38c0e48ef97c5,e0130b78b00ec55822dbc39a41429817,1.2.0,580.173.02,15,1
E,20260821_104307,data/session_e/day2_20260821/logs/audit_20260821_104307.jsonl,xplorer-b,2026-08-21T07:43:07+00:00,v4.8-review,2.1,E-2026-09,aba2b031774e8479ce8c9d9262c0cb34,8,loaded,0.75,0.1,qwen3.5:4b,0c8faadc50c205b83c634430c1dae6d1a4896c9b818cb8f290aa34d535265018,Q4_K_M,f973aa0c4920e47cdd85d7e4e263e3b66fb41ddc,False,2e48375071c0e4ea7cd38c0e48ef97c5,e0130b78b00ec55822dbc39a41429817,1.2.0,580.173.02,15,0
E,20260821_104534,data/session_e/day2_20260821/logs/audit_20260821_104534.jsonl,xplorer-b,2026-08-21T07:45:34+00:00,v4.8-review,2.1,E-2026-09,aba2b031774e8479ce8c9d9262c0cb34,8,loaded,0.75,0.1,qwen3.5:4b,0c8faadc50c205b83c634430c1dae6d1a4896c9b818cb8f290aa34d535265018,Q4_K_M,f973aa0c4920e47cdd85d7e4e263e3b66fb41ddc,False,2e48375071c0e4ea7cd38c0e48ef97c5,e0130b78b00ec55822dbc39a41429817,1.2.0,580.173.02,15,1
E,20260821_105438,data/session_e/day2_20260821/logs/audit_20260821_105438.jsonl,xplorer-b,2026-08-21T07:54:38+00:00,v4.8-review,2.1,E-2026-09,aba2b031774e8479ce8c9d9262c0cb34,8,loaded,0.75,0.1,qwen3.5:4b,0c8faadc50c205b83c634430c1dae6d1a4896c9b818cb8f290aa34d535265018,Q4_K_M,f973aa0c4920e47cdd85d7e4e263e3b66fb41ddc,False,2e48375071c0e4ea7cd38c0e48ef97c5,e0130b78b00ec55822dbc39a41429817,1.2.0,580.173.02,15,1
E,20260821_110624,data/session_e/day2_20260821/logs/audit_20260821_110624.jsonl,xplorer-b,2026-08-21T08:06:24+00:00,v4.8-review,2.1,E-2026-09,97241265217eb4b08e26fb718eb21f40,6,loaded,0.75,0.1,qwen3.5:4b,0c8faadc50c205b83c634430c1dae6d1a4896c9b818cb8f290aa34d535265018,Q4_K_M,f973aa0c4920e47cdd85d7e4e263e3b66fb41ddc,False,2e48375071c0e4ea7cd38c0e48ef97c5,e0130b78b00ec55822dbc39a41429817,1.2.0,580.173.02,15,2
E,20260821_110814,data/session_e/day2_20260821/logs/audit_20260821_110814.jsonl,xplorer-b,2026-08-21T08:08:14+00:00,v4.8-review,2.1,E-2026-09,97241265217eb4b08e26fb718eb21f40,6,loaded,0.75,0.1,qwen3.5:4b,0c8faadc50c205b83c634430c1dae6d1a4896c9b818cb8f290aa34d535265018,Q4_K_M,f973aa0c4920e47cdd85d7e4e263e3b66fb41ddc,False,2e48375071c0e4ea7cd38c0e48ef97c5,e0130b78b00ec55822dbc39a41429817,1.2.0,580.173.02,15,1
E,20260821_110936,data/session_e/day2_20260821/logs/audit_20260821_110936.jsonl,xplorer-b,2026-08-21T08:09:36+00:00,v4.8-review,2.1,E-2026-09,97241265217eb4b08e26fb718eb21f40,6,loaded,0.75,0.1,qwen3.5:4b,0c8faadc50c205b83c634430c1dae6d1a4896c9b818cb8f290aa34d535265018,Q4_K_M,f973aa0c4920e47cdd85d7e4e263e3b66fb41ddc,False,2e48375071c0e4ea7cd38c0e48ef97c5,e0130b78b00ec55822dbc39a41429817,1.2.0,580.173.02,15,2
E,20260821_111058,data/session_e/day2_20260821/logs/audit_20260821_111058.jsonl,xplorer-b,2026-08-21T08:10:58+00:00,v4.8-review,2.1,E-2026-09,97241265217eb4b08e26fb718eb21f40,6,loaded,0.75,0.1,qwen3.5:4b,0c8faadc50c205b83c634430c1dae6d1a4896c9b818cb8f290aa34d535265018,Q4_K_M,f973aa0c4920e47cdd85d7e4e263e3b66fb41ddc,False,2e48375071c0e4ea7cd38c0e48ef97c5,e0130b78b00ec55822dbc39a41429817,1.2.0,580.173.02,15,1
E,20260821_111235,data/session_e/day2_20260821/logs/audit_20260821_111235.jsonl,xplorer-b,2026-08-21T08:12:35+00:00,v4.8-review,2.1,E-2026-09,97241265217eb4b08e26fb718eb21f40,6,loaded,0.75,0.1,qwen3.5:4b,0c8faadc50c205b83c634430c1dae6d1a4896c9b818cb8f290aa34d535265018,Q4_K_M,f973aa0c4920e47cdd85d7e4e263e3b66fb41ddc,False,2e48375071c0e4ea7cd38c0e48ef97c5,e0130b78b00ec55822dbc39a41429817,1.2.0,580.173.02,15,1
E,20260821_111411,data/session_e/day2_20260821/logs/audit_20260821_111411.jsonl,xplorer-b,2026-08-21T08:14:11+00:00,v4.8-review,2.1,E-2026-09,97241265217eb4b08e26fb718eb21f40,6,loaded,0.75,0.1,qwen3.5:4b,0c8faadc50c205b83c634430c1dae6d1a4896c9b818cb8f290aa34d535265018,Q4_K_M,f973aa0c4920e47cdd85d7e4e263e3b66fb41ddc,False,2e48375071c0e4ea7cd38c0e48ef97c5,e0130b78b00ec55822dbc39a41429817,1.2.0,580.173.02,15,6
E,20260821_111601,data/session_e/day2_20260821/logs/audit_20260821_111601.jsonl,xplorer-b,2026-08-21T08:16:01+00:00,v4.8-review,2.1,E-2026-09,97241265217eb4b08e26fb718eb21f40,6,loaded,0.75,0.1,qwen3.5:4b,0c8faadc50c205b83c634430c1dae6d1a4896c9b818cb8f290aa34d535265018,Q4_K_M,f973aa0c4920e47cdd85d7e4e263e3b66fb41ddc,False,2e48375071c0e4ea7cd38c0e48ef97c5,e0130b78b00ec55822dbc39a41429817,1.2.0,580.173.02,15,1
E,20260821_111727,data/session_e/day2_20260821/logs/audit_20260821_111727.jsonl,xplorer-b,2026-08-21T08:17:27+00:00,v4.8-review,2.1,E-2026-09,97241265217eb4b08e26fb718eb21f40,6,loaded,0.75,0.1,qwen3.5:4b,0c8faadc50c205b83c634430c1dae6d1a4896c9b818cb8f290aa34d535265018,Q4_K_M,f973aa0c4920e47cdd85d7e4e263e3b66fb41ddc,False,2e48375071c0e4ea7cd38c0e48ef97c5,e0130b78b00ec55822dbc39a41429817,1.2.0,580.173.02,15,1
E,20260821_111905,data/session_e/day2_20260821/logs/audit_20260821_111905.jsonl,xplorer-b,2026-08-21T08:19:05+00:00,v4.8-review,2.1,E-2026-09,97241265217eb4b08e26fb718eb21f40,6,loaded,0.75,0.1,qwen3.5:4b,0c8faadc50c205b83c634430c1dae6d1a4896c9b818cb8f290aa34d535265018,Q4_K_M,f973aa0c4920e47cdd85d7e4e263e3b66fb41ddc,False,2e48375071c0e4ea7cd38c0e48ef97c5,e0130b78b00ec55822dbc39a41429817,1.2.0,580.173.02,15,1
E,20260821_112007,data/session_e/day2_20260821/logs/audit_20260821_112007.jsonl,xplorer-b,2026-08-21T08:20:07+00:00,v4.8-review,2.1,E-2026-09,97241265217eb4b08e26fb718eb21f40,6,loaded,0.75,0.1,qwen3.5:4b,0c8faadc50c205b83c634430c1dae6d1a4896c9b818cb8f290aa34d535265018,Q4_K_M,f973aa0c4920e47cdd85d7e4e263e3b66fb41ddc,False,2e48375071c0e4ea7cd38c0e48ef97c5,e0130b78b00ec55822dbc39a41429817,1.2.0,580.173.02,15,1
E,20260821_112108,data/session_e/day2_20260821/logs/audit_20260821_112108.jsonl,xplorer-b,2026-08-21T08:21:08+00:00,v4.8-review,2.1,E-2026-09,97241265217eb4b08e26fb718eb21f40,6,loaded,0.75,0.1,qwen3.5:4b,0c8faadc50c205b83c634430c1dae6d1a4896c9b818cb8f290aa34d535265018,Q4_K_M,f973aa0c4920e47cdd85d7e4e263e3b66fb41ddc,False,2e48375071c0e4ea7cd38c0e48ef97c5,e0130b78b00ec55822dbc39a41429817,1.2.0,580.173.02,15,1
E,20260821_112225,data/session_e/day2_20260821/logs/audit_20260821_112225.jsonl,xplorer-b,2026-08-21T08:22:25+00:00,v4.8-review,2.1,E-2026-09,97241265217eb4b08e26fb718eb21f40,6,loaded,0.75,0.1,qwen3.5:4b,0c8faadc50c205b83c634430c1dae6d1a4896c9b818cb8f290aa34d535265018,Q4_K_M,f973aa0c4920e47cdd85d7e4e263e3b66fb41ddc,False,2e48375071c0e4ea7cd38c0e48ef97c5,e0130b78b00ec55822dbc39a41429817,1.2.0,580.173.02,15,1
E,20260821_112314,data/session_e/day2_20260821/logs/audit_20260821_112314.jsonl,xplorer-b,2026-08-21T08:23:14+00:00,v4.8-review,2.1,E-2026-09,97241265217eb4b08e26fb718eb21f40,6,loaded,0.75,0.1,qwen3.5:4b,0c8faadc50c205b83c634430c1dae6d1a4896c9b818cb8f290aa34d535265018,Q4_K_M,f973aa0c4920e47cdd85d7e4e263e3b66fb41ddc,False,2e48375071c0e4ea7cd38c0e48ef97c5,e0130b78b00ec55822dbc39a41429817,1.2.0,580.173.02,15,1
E,20260821_112534,data/session_e/day2_20260821/logs/audit_20260821_112534.jsonl,xplorer-b,2026-08-21T08:25:34+00:00,v4.8-review,2.1,E-2026-09,97241265217eb4b08e26fb718eb21f40,6,loaded,0.75,0.1,qwen3.5:4b,0c8faadc50c205b83c634430c1dae6d1a4896c9b818cb8f290aa34d535265018,Q4_K_M,f973aa0c4920e47cdd85d7e4e263e3b66fb41ddc,False,2e48375071c0e4ea7cd38c0e48ef97c5,e0130b78b00ec55822dbc39a41429817,1.2.0,580.173.02,15,1
E,20260821_112657,data/session_e/day2_20260821/logs/audit_20260821_112657.jsonl,xplorer-b,2026-08-21T08:26:57+00:00,v4.8-review,2.1,E-2026-09,97241265217eb4b08e26fb718eb21f40,6,loaded,0.75,0.1,qwen3.5:4b,0c8faadc50c205b83c634430c1dae6d1a4896c9b818cb8f290aa34d535265018,Q4_K_M,f973aa0c4920e47cdd85d7e4e263e3b66fb41ddc,False,2e48375071c0e4ea7cd38c0e48ef97c5,e0130b78b00ec55822dbc39a41429817,1.2.0,580.173.02,15,1
E,20260821_112757,data/session_e/day2_20260821/logs/audit_20260821_112757.jsonl,xplorer-b,2026-08-21T08:27:57+00:00,v4.8-review,2.1,E-2026-09,97241265217eb4b08e26fb718eb21f40,6,loaded,0.75,0.1,qwen3.5:4b,0c8faadc50c205b83c634430c1dae6d1a4896c9b818cb8f290aa34d535265018,Q4_K_M,f973aa0c4920e47cdd85d7e4e263e3b66fb41ddc,False,2e48375071c0e4ea7cd38c0e48ef97c5,e0130b78b00ec55822dbc39a41429817,1.2.0,580.173.02,15,1
E,20260821_112926,data/session_e/day2_20260821/logs/audit_20260821_112926.jsonl,xplorer-b,2026-08-21T08:29:26+00:00,v4.8-review,2.1,E-2026-09,97241265217eb4b08e26fb718eb21f40,6,loaded,0.75,0.1,qwen3.5:4b,0c8faadc50c205b83c634430c1dae6d1a4896c9b818cb8f290aa34d535265018,Q4_K_M,f973aa0c4920e47cdd85d7e4e263e3b66fb41ddc,False,2e48375071c0e4ea7cd38c0e48ef97c5,e0130b78b00ec55822dbc39a41429817,1.2.0,580.173.02,15,1
E,20260821_113110,data/session_e/day2_20260821/logs/audit_20260821_113110.jsonl,xplorer-b,2026-08-21T08:31:10+00:00,v4.8-review,2.1,E-2026-09,97241265217eb4b08e26fb718eb21f40,6,loaded,0.75,0.1,qwen3.5:4b,0c8faadc50c205b83c634430c1dae6d1a4896c9b818cb8f290aa34d535265018,Q4_K_M,f973aa0c4920e47cdd85d7e4e263e3b66fb41ddc,False,2e48375071c0e4ea7cd38c0e48ef97c5,e0130b78b00ec55822dbc39a41429817,1.2.0,580.173.02,15,1
E,20260821_113258,data/session_e/day2_20260821/logs/audit_20260821_113258.jsonl,xplorer-b,2026-08-21T08:32:58+00:00,v4.8-review,2.1,E-2026-09,97241265217eb4b08e26fb718eb21f40,6,loaded,0.75,0.1,qwen3.5:4b,0c8faadc50c205b83c634430c1dae6d1a4896c9b818cb8f290aa34d535265018,Q4_K_M,f973aa0c4920e47cdd85d7e4e263e3b66fb41ddc,False,2e48375071c0e4ea7cd38c0e48ef97c5,e0130b78b00ec55822dbc39a41429817,1.2.0,580.173.02,15,1
E,20260821_113407,data/session_e/day2_20260821/logs/audit_20260821_113407.jsonl,xplorer-b,2026-08-21T08:34:07+00:00,v4.8-review,2.1,E-2026-09,97241265217eb4b08e26fb718eb21f40,6,loaded,0.75,0.1,qwen3.5:4b,0c8faadc50c205b83c634430c1dae6d1a4896c9b818cb8f290aa34d535265018,Q4_K_M,f973aa0c4920e47cdd85d7e4e263e3b66fb41ddc,False,2e48375071c0e4ea7cd38c0e48ef97c5,e0130b78b00ec55822dbc39a41429817,1.2.0,580.173.02,15,1
E,20260821_113529,data/session_e/day2_20260821/logs/audit_20260821_113529.jsonl,xplorer-b,2026-08-21T08:35:29+00:00,v4.8-review,2.1,E-2026-09,97241265217eb4b08e26fb718eb21f40,6,loaded,0.75,0.1,qwen3.5:4b,0c8faadc50c205b83c634430c1dae6d1a4896c9b818cb8f290aa34d535265018,Q4_K_M,f973aa0c4920e47cdd85d7e4e263e3b66fb41ddc,False,2e48375071c0e4ea7cd38c0e48ef97c5,e0130b78b00ec55822dbc39a41429817,1.2.0,580.173.02,15,1
E,20260821_113623,data/session_e/day2_20260821/logs/audit_20260821_113623.jsonl,xplorer-b,2026-08-21T08:36:23+00:00,v4.8-review,2.1,E-2026-09,97241265217eb4b08e26fb718eb21f40,6,loaded,0.75,0.1,qwen3.5:4b,0c8faadc50c205b83c634430c1dae6d1a4896c9b818cb8f290aa34d535265018,Q4_K_M,f973aa0c4920e47cdd85d7e4e263e3b66fb41ddc,False,2e48375071c0e4ea7cd38c0e48ef97c5,e0130b78b00ec55822dbc39a41429817,1.2.0,580.173.02,15,1
E,20260821_113656,data/session_e/day2_20260821/logs/audit_20260821_113656.jsonl,xplorer-b,2026-08-21T08:36:56+00:00,v4.8-review,2.1,E-2026-09,97241265217eb4b08e26fb718eb21f40,6,loaded,0.75,0.1,qwen3.5:4b,0c8faadc50c205b83c634430c1dae6d1a4896c9b818cb8f290aa34d535265018,Q4_K_M,f973aa0c4920e47cdd85d7e4e263e3b66fb41ddc,False,2e48375071c0e4ea7cd38c0e48ef97c5,e0130b78b00ec55822dbc39a41429817,1.2.0,580.173.02,15,1
E,20260821_113738,data/session_e/day2_20260821/logs/audit_20260821_113738.jsonl,xplorer-b,2026-08-21T08:37:38+00:00,v4.8-review,2.1,E-2026-09,97241265217eb4b08e26fb718eb21f40,6,loaded,0.75,0.1,qwen3.5:4b,0c8faadc50c205b83c634430c1dae6d1a4896c9b818cb8f290aa34d535265018,Q4_K_M,f973aa0c4920e47cdd85d7e4e263e3b66fb41ddc,False,2e48375071c0e4ea7cd38c0e48ef97c5,e0130b78b00ec55822dbc39a41429817,1.2.0,580.173.02,15,1
E,20260821_113819,data/session_e/day2_20260821/logs/audit_20260821_113819.jsonl,xplorer-b,2026-08-21T08:38:19+00:00,v4.8-review,2.1,E-2026-09,97241265217eb4b08e26fb718eb21f40,6,loaded,0.75,0.1,qwen3.5:4b,0c8faadc50c205b83c634430c1dae6d1a4896c9b818cb8f290aa34d535265018,Q4_K_M,f973aa0c4920e47cdd85d7e4e263e3b66fb41ddc,False,2e48375071c0e4ea7cd38c0e48ef97c5,e0130b78b00ec55822dbc39a41429817,1.2.0,580.173.02,15,0
E,20260821_115152,data/session_e/day2_20260821/logs/audit_20260821_115152.jsonl,xplorer-c,2026-08-21T08:51:52+00:00,v4.8-review,2.1,E-2026-09,97241265217eb4b08e26fb718eb21f40,6,loaded,0.75,0.1,qwen3.5:4b,0c8faadc50c205b83c634430c1dae6d1a4896c9b818cb8f290aa34d535265018,Q4_K_M,f973aa0c4920e47cdd85d7e4e263e3b66fb41ddc,False,2e48375071c0e4ea7cd38c0e48ef97c5,e0130b78b00ec55822dbc39a41429817,1.2.0,580.173.02,15,1
E,20260821_115254,data/session_e/day2_20260821/logs/audit_20260821_115254.jsonl,xplorer-c,2026-08-21T08:52:54+00:00,v4.8-review,2.1,E-2026-09,97241265217eb4b08e26fb718eb21f40,6,loaded,0.75,0.1,qwen3.5:4b,0c8faadc50c205b83c634430c1dae6d1a4896c9b818cb8f290aa34d535265018,Q4_K_M,f973aa0c4920e47cdd85d7e4e263e3b66fb41ddc,False,2e48375071c0e4ea7cd38c0e48ef97c5,e0130b78b00ec55822dbc39a41429817,1.2.0,580.173.02,15,1
E,20260821_115341,data/session_e/day2_20260821/logs/audit_20260821_115341.jsonl,xplorer-c,2026-08-21T08:53:41+00:00,v4.8-review,2.1,E-2026-09,97241265217eb4b08e26fb718eb21f40,6,loaded,0.75,0.1,qwen3.5:4b,0c8faadc50c205b83c634430c1dae6d1a4896c9b818cb8f290aa34d535265018,Q4_K_M,f973aa0c4920e47cdd85d7e4e263e3b66fb41ddc,False,2e48375071c0e4ea7cd38c0e48ef97c5,e0130b78b00ec55822dbc39a41429817,1.2.0,580.173.02,15,1
E,20260821_115538,data/session_e/day2_20260821/logs/audit_20260821_115538.jsonl,xplorer-c,2026-08-21T08:55:38+00:00,v4.8-review,2.1,E-2026-09,97241265217eb4b08e26fb718eb21f40,6,loaded,0.75,0.1,qwen3.5:4b,0c8faadc50c205b83c634430c1dae6d1a4896c9b818cb8f290aa34d535265018,Q4_K_M,f973aa0c4920e47cdd85d7e4e263e3b66fb41ddc,False,2e48375071c0e4ea7cd38c0e48ef97c5,e0130b78b00ec55822dbc39a41429817,1.2.0,580.173.02,15,1
E,20260821_115711,data/session_e/day2_20260821/logs/audit_20260821_115711.jsonl,xplorer-c,2026-08-21T08:57:11+00:00,v4.8-review,2.1,E-2026-09,97241265217eb4b08e26fb718eb21f40,6,loaded,0.75,0.1,qwen3.5:4b,0c8faadc50c205b83c634430c1dae6d1a4896c9b818cb8f290aa34d535265018,Q4_K_M,f973aa0c4920e47cdd85d7e4e263e3b66fb41ddc,False,2e48375071c0e4ea7cd38c0e48ef97c5,e0130b78b00ec55822dbc39a41429817,1.2.0,580.173.02,15,1
E,20260821_115814,data/session_e/day2_20260821/logs/audit_20260821_115814.jsonl,xplorer-c,2026-08-21T08:58:14+00:00,v4.8-review,2.1,E-2026-09,97241265217eb4b08e26fb718eb21f40,6,loaded,0.75,0.1,qwen3.5:4b,0c8faadc50c205b83c634430c1dae6d1a4896c9b818cb8f290aa34d535265018,Q4_K_M,f973aa0c4920e47cdd85d7e4e263e3b66fb41ddc,False,2e48375071c0e4ea7cd38c0e48ef97c5,e0130b78b00ec55822dbc39a41429817,1.2.0,580.173.02,15,1
E,20260821_115924,data/session_e/day2_20260821/logs/audit_20260821_115924.jsonl,xplorer-c,2026-08-21T08:59:24+00:00,v4.8-review,2.1,E-2026-09,97241265217eb4b08e26fb718eb21f40,6,loaded,0.75,0.1,qwen3.5:4b,0c8faadc50c205b83c634430c1dae6d1a4896c9b818cb8f290aa34d535265018,Q4_K_M,f973aa0c4920e47cdd85d7e4e263e3b66fb41ddc,False,2e48375071c0e4ea7cd38c0e48ef97c5,e0130b78b00ec55822dbc39a41429817,1.2.0,580.173.02,15,1
E,20260821_120124,data/session_e/day2_20260821/logs/audit_20260821_120124.jsonl,xplorer-c,2026-08-21T09:01:24+00:00,v4.8-review,2.1,E-2026-09,97241265217eb4b08e26fb718eb21f40,6,loaded,0.75,0.1,qwen3.5:4b,0c8faadc50c205b83c634430c1dae6d1a4896c9b818cb8f290aa34d535265018,Q4_K_M,f973aa0c4920e47cdd85d7e4e263e3b66fb41ddc,False,2e48375071c0e4ea7cd38c0e48ef97c5,e0130b78b00ec55822dbc39a41429817,1.2.0,580.173.02,15,1
E,20260821_120305,data/session_e/day2_20260821/logs/audit_20260821_120305.jsonl,xplorer-c,2026-08-21T09:03:05+00:00,v4.8-review,2.1,E-2026-09,97241265217eb4b08e26fb718eb21f40,6,loaded,0.75,0.1,qwen3.5:4b,0c8faadc50c205b83c634430c1dae6d1a4896c9b818cb8f290aa34d535265018,Q4_K_M,f973aa0c4920e47cdd85d7e4e263e3b66fb41ddc,False,2e48375071c0e4ea7cd38c0e48ef97c5,e0130b78b00ec55822dbc39a41429817,1.2.0,580.173.02,15,1
E,20260821_120446,data/session_e/day2_20260821/logs/audit_20260821_120446.jsonl,xplorer-c,2026-08-21T09:04:46+00:00,v4.8-review,2.1,E-2026-09,97241265217eb4b08e26fb718eb21f40,6,loaded,0.75,0.1,qwen3.5:4b,0c8faadc50c205b83c634430c1dae6d1a4896c9b818cb8f290aa34d535265018,Q4_K_M,f973aa0c4920e47cdd85d7e4e263e3b66fb41ddc,False,2e48375071c0e4ea7cd38c0e48ef97c5,e0130b78b00ec55822dbc39a41429817,1.2.0,580.173.02,15,1
E,20260821_120634,data/session_e/day2_20260821/logs/audit_20260821_120634.jsonl,xplorer-c,2026-08-21T09:06:34+00:00,v4.8-review,2.1,E-2026-09,97241265217eb4b08e26fb718eb21f40,6,loaded,0.75,0.1,qwen3.5:4b,0c8faadc50c205b83c634430c1dae6d1a4896c9b818cb8f290aa34d535265018,Q4_K_M,f973aa0c4920e47cdd85d7e4e263e3b66fb41ddc,False,2e48375071c0e4ea7cd38c0e48ef97c5,e0130b78b00ec55822dbc39a41429817,1.2.0,580.173.02,15,1
E,20260821_120808,data/session_e/day2_20260821/logs/audit_20260821_120808.jsonl,xplorer-c,2026-08-21T09:08:08+00:00,v4.8-review,2.1,E-2026-09,97241265217eb4b08e26fb718eb21f40,6,loaded,0.75,0.1,qwen3.5:4b,0c8faadc50c205b83c634430c1dae6d1a4896c9b818cb8f290aa34d535265018,Q4_K_M,f973aa0c4920e47cdd85d7e4e263e3b66fb41ddc,False,2e48375071c0e4ea7cd38c0e48ef97c5,e0130b78b00ec55822dbc39a41429817,1.2.0,580.173.02,15,1
E,20260821_120902,data/session_e/day2_20260821/logs/audit_20260821_120902.jsonl,xplorer-c,2026-08-21T09:09:02+00:00,v4.8-review,2.1,E-2026-09,97241265217eb4b08e26fb718eb21f40,6,loaded,0.75,0.1,qwen3.5:4b,0c8faadc50c205b83c634430c1dae6d1a4896c9b818cb8f290aa34d535265018,Q4_K_M,f973aa0c4920e47cdd85d7e4e263e3b66fb41ddc,False,2e48375071c0e4ea7cd38c0e48ef97c5,e0130b78b00ec55822dbc39a41429817,1.2.0,580.173.02,15,1
E,20260821_121016,data/session_e/day2_20260821/logs/audit_20260821_121016.jsonl,xplorer-c,2026-08-21T09:10:16+00:00,v4.8-review,2.1,E-2026-09,97241265217eb4b08e26fb718eb21f40,6,loaded,0.75,0.1,qwen3.5:4b,0c8faadc50c205b83c634430c1dae6d1a4896c9b818cb8f290aa34d535265018,Q4_K_M,f973aa0c4920e47cdd85d7e4e263e3b66fb41ddc,False,2e48375071c0e4ea7cd38c0e48ef97c5,e0130b78b00ec55822dbc39a41429817,1.2.0,580.173.02,15,1
E,20260821_121153,data/session_e/day2_20260821/logs/audit_20260821_121153.jsonl,xplorer-c,2026-08-21T09:11:53+00:00,v4.8-review,2.1,E-2026-09,97241265217eb4b08e26fb718eb21f40,6,loaded,0.75,0.1,qwen3.5:4b,0c8faadc50c205b83c634430c1dae6d1a4896c9b818cb8f290aa34d535265018,Q4_K_M,f973aa0c4920e47cdd85d7e4e263e3b66fb41ddc,False,2e48375071c0e4ea7cd38c0e48ef97c5,e0130b78b00ec55822dbc39a41429817,1.2.0,580.173.02,15,1
E,20260821_121300,data/session_e/day2_20260821/logs/audit_20260821_121300.jsonl,xplorer-c,2026-08-21T09:13:00+00:00,v4.8-review,2.1,E-2026-09,97241265217eb4b08e26fb718eb21f40,6,loaded,0.75,0.1,qwen3.5:4b,0c8faadc50c205b83c634430c1dae6d1a4896c9b818cb8f290aa34d535265018,Q4_K_M,f973aa0c4920e47cdd85d7e4e263e3b66fb41ddc,False,2e48375071c0e4ea7cd38c0e48ef97c5,e0130b78b00ec55822dbc39a41429817,1.2.0,580.173.02,15,1
E,20260821_121432,data/session_e/day2_20260821/logs/audit_20260821_121432.jsonl,xplorer-c,2026-08-21T09:14:32+00:00,v4.8-review,2.1,E-2026-09,97241265217eb4b08e26fb718eb21f40,6,loaded,0.75,0.1,qwen3.5:4b,0c8faadc50c205b83c634430c1dae6d1a4896c9b818cb8f290aa34d535265018,Q4_K_M,f973aa0c4920e47cdd85d7e4e263e3b66fb41ddc,False,2e48375071c0e4ea7cd38c0e48ef97c5,e0130b78b00ec55822dbc39a41429817,1.2.0,580.173.02,15,1
E,20260821_121718,data/session_e/day2_20260821/logs/audit_20260821_121718.jsonl,xplorer-c,2026-08-21T09:17:18+00:00,v4.8-review,2.1,E-2026-09,97241265217eb4b08e26fb718eb21f40,6,loaded,0.75,0.1,qwen3.5:4b,0c8faadc50c205b83c634430c1dae6d1a4896c9b818cb8f290aa34d535265018,Q4_K_M,f973aa0c4920e47cdd85d7e4e263e3b66fb41ddc,False,2e48375071c0e4ea7cd38c0e48ef97c5,e0130b78b00ec55822dbc39a41429817,1.2.0,580.173.02,15,1
E,20260821_121837,data/session_e/day2_20260821/logs/audit_20260821_121837.jsonl,xplorer-c,2026-08-21T09:18:37+00:00,v4.8-review,2.1,E-2026-09,97241265217eb4b08e26fb718eb21f40,6,loaded,0.75,0.1,qwen3.5:4b,0c8faadc50c205b83c634430c1dae6d1a4896c9b818cb8f290aa34d535265018,Q4_K_M,f973aa0c4920e47cdd85d7e4e263e3b66fb41ddc,False,2e48375071c0e4ea7cd38c0e48ef97c5,e0130b78b00ec55822dbc39a41429817,1.2.0,580.173.02,15,1
E,20260821_122052,data/session_e/day2_20260821/logs/audit_20260821_122052.jsonl,xplorer-c,2026-08-21T09:20:52+00:00,v4.8-review,2.1,E-2026-09,97241265217eb4b08e26fb718eb21f40,6,loaded,0.75,0.1,qwen3.5:4b,0c8faadc50c205b83c634430c1dae6d1a4896c9b818cb8f290aa34d535265018,Q4_K_M,f973aa0c4920e47cdd85d7e4e263e3b66fb41ddc,False,2e48375071c0e4ea7cd38c0e48ef97c5,e0130b78b00ec55822dbc39a41429817,1.2.0,580.173.02,15,1
E,20260821_122227,data/session_e/day2_20260821/logs/audit_20260821_122227.jsonl,xplorer-c,2026-08-21T09:22:27+00:00,v4.8-review,2.1,E-2026-09,97241265217eb4b08e26fb718eb21f40,6,loaded,0.75,0.1,qwen3.5:4b,0c8faadc50c205b83c634430c1dae6d1a4896c9b818cb8f290aa34d535265018,Q4_K_M,f973aa0c4920e47cdd85d7e4e263e3b66fb41ddc,False,2e48375071c0e4ea7cd38c0e48ef97c5,e0130b78b00ec55822dbc39a41429817,1.2.0,580.173.02,15,1
E,20260821_122328,data/session_e/day2_20260821/logs/audit_20260821_122328.jsonl,xplorer-c,2026-08-21T09:23:28+00:00,v4.8-review,2.1,E-2026-09,97241265217eb4b08e26fb718eb21f40,6,loaded,0.75,0.1,qwen3.5:4b,0c8faadc50c205b83c634430c1dae6d1a4896c9b818cb8f290aa34d535265018,Q4_K_M,f973aa0c4920e47cdd85d7e4e263e3b66fb41ddc,False,2e48375071c0e4ea7cd38c0e48ef97c5,e0130b78b00ec55822dbc39a41429817,1.2.0,580.173.02,15,1
E,20260821_122430,data/session_e/day2_20260821/logs/audit_20260821_122430.jsonl,xplorer-c,2026-08-21T09:24:30+00:00,v4.8-review,2.1,E-2026-09,97241265217eb4b08e26fb718eb21f40,6,loaded,0.75,0.1,qwen3.5:4b,0c8faadc50c205b83c634430c1dae6d1a4896c9b818cb8f290aa34d535265018,Q4_K_M,f973aa0c4920e47cdd85d7e4e263e3b66fb41ddc,False,2e48375071c0e4ea7cd38c0e48ef97c5,e0130b78b00ec55822dbc39a41429817,1.2.0,580.173.02,15,1
E,20260821_122544,data/session_e/day2_20260821/logs/audit_20260821_122544.jsonl,xplorer-c,2026-08-21T09:25:44+00:00,v4.8-review,2.1,E-2026-09,97241265217eb4b08e26fb718eb21f40,6,loaded,0.75,0.1,qwen3.5:4b,0c8faadc50c205b83c634430c1dae6d1a4896c9b818cb8f290aa34d535265018,Q4_K_M,f973aa0c4920e47cdd85d7e4e263e3b66fb41ddc,False,2e48375071c0e4ea7cd38c0e48ef97c5,e0130b78b00ec55822dbc39a41429817,1.2.0,580.173.02,15,1
E,20260821_122656,data/session_e/day2_20260821/logs/audit_20260821_122656.jsonl,xplorer-c,2026-08-21T09:26:56+00:00,v4.8-review,2.1,E-2026-09,97241265217eb4b08e26fb718eb21f40,6,loaded,0.75,0.1,qwen3.5:4b,0c8faadc50c205b83c634430c1dae6d1a4896c9b818cb8f290aa34d535265018,Q4_K_M,f973aa0c4920e47cdd85d7e4e263e3b66fb41ddc,False,2e48375071c0e4ea7cd38c0e48ef97c5,e0130b78b00ec55822dbc39a41429817,1.2.0,580.173.02,15,1
E,20260821_131951,data/session_e/day2_20260821/logs/audit_20260821_131951.jsonl,xplorer-b,2026-08-21T10:19:51+00:00,v4.8-review,2.1,E-2026-09,97241265217eb4b08e26fb718eb21f40,6,loaded,0.75,0.1,qwen3.5:4b,0c8faadc50c205b83c634430c1dae6d1a4896c9b818cb8f290aa34d535265018,Q4_K_M,f973aa0c4920e47cdd85d7e4e263e3b66fb41ddc,False,2e48375071c0e4ea7cd38c0e48ef97c5,e0130b78b00ec55822dbc39a41429817,1.2.0,580.173.02,15,1
E,20260821_132139,data/session_e/day2_20260821/logs/audit_20260821_132139.jsonl,xplorer-b,2026-08-21T10:21:39+00:00,v4.8-review,2.1,E-2026-09,97241265217eb4b08e26fb718eb21f40,6,loaded,0.75,0.1,qwen3.5:4b,0c8faadc50c205b83c634430c1dae6d1a4896c9b818cb8f290aa34d535265018,Q4_K_M,f973aa0c4920e47cdd85d7e4e263e3b66fb41ddc,False,2e48375071c0e4ea7cd38c0e48ef97c5,e0130b78b00ec55822dbc39a41429817,1.2.0,580.173.02,15,1
E,20260821_132326,data/session_e/day2_20260821/logs/audit_20260821_132326.jsonl,xplorer-b,2026-08-21T10:23:26+00:00,v4.8-review,2.1,E-2026-09,97241265217eb4b08e26fb718eb21f40,6,loaded,0.75,0.1,qwen3.5:4b,0c8faadc50c205b83c634430c1dae6d1a4896c9b818cb8f290aa34d535265018,Q4_K_M,f973aa0c4920e47cdd85d7e4e263e3b66fb41ddc,False,2e48375071c0e4ea7cd38c0e48ef97c5,e0130b78b00ec55822dbc39a41429817,1.2.0,580.173.02,15,1
E,20260821_132452,data/session_e/day2_20260821/logs/audit_20260821_132452.jsonl,xplorer-b,2026-08-21T10:24:52+00:00,v4.8-review,2.1,E-2026-09,97241265217eb4b08e26fb718eb21f40,6,loaded,0.75,0.1,qwen3.5:4b,0c8faadc50c205b83c634430c1dae6d1a4896c9b818cb8f290aa34d535265018,Q4_K_M,f973aa0c4920e47cdd85d7e4e263e3b66fb41ddc,False,2e48375071c0e4ea7cd38c0e48ef97c5,e0130b78b00ec55822dbc39a41429817,1.2.0,580.173.02,15,1
E,20260821_132616,data/session_e/day2_20260821/logs/audit_20260821_132616.jsonl,xplorer-b,2026-08-21T10:26:16+00:00,v4.8-review,2.1,E-2026-09,97241265217eb4b08e26fb718eb21f40,6,loaded,0.75,0.1,qwen3.5:4b,0c8faadc50c205b83c634430c1dae6d1a4896c9b818cb8f290aa34d535265018,Q4_K_M,f973aa0c4920e47cdd85d7e4e263e3b66fb41ddc,False,2e48375071c0e4ea7cd38c0e48ef97c5,e0130b78b00ec55822dbc39a41429817,1.2.0,580.173.02,15,1
E,20260821_132710,data/session_e/day2_20260821/logs/audit_20260821_132710.jsonl,xplorer-b,2026-08-21T10:27:10+00:00,v4.8-review,2.1,E-2026-09,97241265217eb4b08e26fb718eb21f40,6,loaded,0.75,0.1,qwen3.5:4b,0c8faadc50c205b83c634430c1dae6d1a4896c9b818cb8f290aa34d535265018,Q4_K_M,f973aa0c4920e47cdd85d7e4e263e3b66fb41ddc,False,2e48375071c0e4ea7cd38c0e48ef97c5,e0130b78b00ec55822dbc39a41429817,1.2.0,580.173.02,15,1
E,20260821_132810,data/session_e/day2_20260821/logs/audit_20260821_132810.jsonl,xplorer-b,2026-08-21T10:28:10+00:00,v4.8-review,2.1,E-2026-09,97241265217eb4b08e26fb718eb21f40,6,loaded,0.75,0.1,qwen3.5:4b,0c8faadc50c205b83c634430c1dae6d1a4896c9b818cb8f290aa34d535265018,Q4_K_M,f973aa0c4920e47cdd85d7e4e263e3b66fb41ddc,False,2e48375071c0e4ea7cd38c0e48ef97c5,e0130b78b00ec55822dbc39a41429817,1.2.0,580.173.02,15,1
E,20260821_132911,data/session_e/day2_20260821/logs/audit_20260821_132911.jsonl,xplorer-b,2026-08-21T10:29:11+00:00,v4.8-review,2.1,E-2026-09,97241265217eb4b08e26fb718eb21f40,6,loaded,0.75,0.1,qwen3.5:4b,0c8faadc50c205b83c634430c1dae6d1a4896c9b818cb8f290aa34d535265018,Q4_K_M,f973aa0c4920e47cdd85d7e4e263e3b66fb41ddc,False,2e48375071c0e4ea7cd38c0e48ef97c5,e0130b78b00ec55822dbc39a41429817,1.2.0,580.173.02,15,1
E,20260821_133032,data/session_e/day2_20260821/logs/audit_20260821_133032.jsonl,xplorer-b,2026-08-21T10:30:32+00:00,v4.8-review,2.1,E-2026-09,97241265217eb4b08e26fb718eb21f40,6,loaded,0.75,0.1,qwen3.5:4b,0c8faadc50c205b83c634430c1dae6d1a4896c9b818cb8f290aa34d535265018,Q4_K_M,f973aa0c4920e47cdd85d7e4e263e3b66fb41ddc,False,2e48375071c0e4ea7cd38c0e48ef97c5,e0130b78b00ec55822dbc39a41429817,1.2.0,580.173.02,15,1
E,20260821_133151,data/session_e/day2_20260821/logs/audit_20260821_133151.jsonl,xplorer-b,2026-08-21T10:31:51+00:00,v4.8-review,2.1,E-2026-09,97241265217eb4b08e26fb718eb21f40,6,loaded,0.75,0.1,qwen3.5:4b,0c8faadc50c205b83c634430c1dae6d1a4896c9b818cb8f290aa34d535265018,Q4_K_M,f973aa0c4920e47cdd85d7e4e263e3b66fb41ddc,False,2e48375071c0e4ea7cd38c0e48ef97c5,e0130b78b00ec55822dbc39a41429817,1.2.0,580.173.02,15,1
E,20260821_133316,data/session_e/day2_20260821/logs/audit_20260821_133316.jsonl,xplorer-b,2026-08-21T10:33:16+00:00,v4.8-review,2.1,E-2026-09,97241265217eb4b08e26fb718eb21f40,6,loaded,0.75,0.1,qwen3.5:4b,0c8faadc50c205b83c634430c1dae6d1a4896c9b818cb8f290aa34d535265018,Q4_K_M,f973aa0c4920e47cdd85d7e4e263e3b66fb41ddc,False,2e48375071c0e4ea7cd38c0e48ef97c5,e0130b78b00ec55822dbc39a41429817,1.2.0,580.173.02,15,1
E,20260821_133431,data/session_e/day2_20260821/logs/audit_20260821_133431.jsonl,xplorer-b,2026-08-21T10:34:31+00:00,v4.8-review,2.1,E-2026-09,97241265217eb4b08e26fb718eb21f40,6,loaded,0.75,0.1,qwen3.5:4b,0c8faadc50c205b83c634430c1dae6d1a4896c9b818cb8f290aa34d535265018,Q4_K_M,f973aa0c4920e47cdd85d7e4e263e3b66fb41ddc,False,2e48375071c0e4ea7cd38c0e48ef97c5,e0130b78b00ec55822dbc39a41429817,1.2.0,580.173.02,15,1
E,20260821_133600,data/session_e/day2_20260821/logs/audit_20260821_133600.jsonl,xplorer-b,2026-08-21T10:36:00+00:00,v4.8-review,2.1,E-2026-09,97241265217eb4b08e26fb718eb21f40,6,loaded,0.75,0.1,qwen3.5:4b,0c8faadc50c205b83c634430c1dae6d1a4896c9b818cb8f290aa34d535265018,Q4_K_M,f973aa0c4920e47cdd85d7e4e263e3b66fb41ddc,False,2e48375071c0e4ea7cd38c0e48ef97c5,e0130b78b00ec55822dbc39a41429817,1.2.0,580.173.02,15,1
E,20260821_133732,data/session_e/day2_20260821/logs/audit_20260821_133732.jsonl,xplorer-b,2026-08-21T10:37:32+00:00,v4.8-review,2.1,E-2026-09,97241265217eb4b08e26fb718eb21f40,6,loaded,0.75,0.1,qwen3.5:4b,0c8faadc50c205b83c634430c1dae6d1a4896c9b818cb8f290aa34d535265018,Q4_K_M,f973aa0c4920e47cdd85d7e4e263e3b66fb41ddc,False,2e48375071c0e4ea7cd38c0e48ef97c5,e0130b78b00ec55822dbc39a41429817,1.2.0,580.173.02,15,1
E,20260821_133902,data/session_e/day2_20260821/logs/audit_20260821_133902.jsonl,xplorer-b,2026-08-21T10:39:02+00:00,v4.8-review,2.1,E-2026-09,97241265217eb4b08e26fb718eb21f40,6,loaded,0.75,0.1,qwen3.5:4b,0c8faadc50c205b83c634430c1dae6d1a4896c9b818cb8f290aa34d535265018,Q4_K_M,f973aa0c4920e47cdd85d7e4e263e3b66fb41ddc,False,2e48375071c0e4ea7cd38c0e48ef97c5,e0130b78b00ec55822dbc39a41429817,1.2.0,580.173.02,15,1
E,20260821_134044,data/session_e/day2_20260821/logs/audit_20260821_134044.jsonl,xplorer-b,2026-08-21T10:40:44+00:00,v4.8-review,2.1,E-2026-09,97241265217eb4b08e26fb718eb21f40,6,loaded,0.75,0.1,qwen3.5:4b,0c8faadc50c205b83c634430c1dae6d1a4896c9b818cb8f290aa34d535265018,Q4_K_M,f973aa0c4920e47cdd85d7e4e263e3b66fb41ddc,False,2e48375071c0e4ea7cd38c0e48ef97c5,e0130b78b00ec55822dbc39a41429817,1.2.0,580.173.02,15,1
E,20260821_134202,data/session_e/day2_20260821/logs/audit_20260821_134202.jsonl,xplorer-b,2026-08-21T10:42:02+00:00,v4.8-review,2.1,E-2026-09,97241265217eb4b08e26fb718eb21f40,6,loaded,0.75,0.1,qwen3.5:4b,0c8faadc50c205b83c634430c1dae6d1a4896c9b818cb8f290aa34d535265018,Q4_K_M,f973aa0c4920e47cdd85d7e4e263e3b66fb41ddc,False,2e48375071c0e4ea7cd38c0e48ef97c5,e0130b78b00ec55822dbc39a41429817,1.2.0,580.173.02,15,1
E,20260821_134402,data/session_e/day2_20260821/logs/audit_20260821_134402.jsonl,xplorer-b,2026-08-21T10:44:02+00:00,v4.8-review,2.1,E-2026-09,97241265217eb4b08e26fb718eb21f40,6,loaded,0.75,0.1,qwen3.5:4b,0c8faadc50c205b83c634430c1dae6d1a4896c9b818cb8f290aa34d535265018,Q4_K_M,f973aa0c4920e47cdd85d7e4e263e3b66fb41ddc,False,2e48375071c0e4ea7cd38c0e48ef97c5,e0130b78b00ec55822dbc39a41429817,1.2.0,580.173.02,15,1
E,20260821_134532,data/session_e/day2_20260821/logs/audit_20260821_134532.jsonl,xplorer-b,2026-08-21T10:45:32+00:00,v4.8-review,2.1,E-2026-09,97241265217eb4b08e26fb718eb21f40,6,loaded,0.75,0.1,qwen3.5:4b,0c8faadc50c205b83c634430c1dae6d1a4896c9b818cb8f290aa34d535265018,Q4_K_M,f973aa0c4920e47cdd85d7e4e263e3b66fb41ddc,False,2e48375071c0e4ea7cd38c0e48ef97c5,e0130b78b00ec55822dbc39a41429817,1.2.0,580.173.02,15,1
E,20260821_134645,data/session_e/day2_20260821/logs/audit_20260821_134645.jsonl,xplorer-b,2026-08-21T10:46:45+00:00,v4.8-review,2.1,E-2026-09,97241265217eb4b08e26fb718eb21f40,6,loaded,0.75,0.1,qwen3.5:4b,0c8faadc50c205b83c634430c1dae6d1a4896c9b818cb8f290aa34d535265018,Q4_K_M,f973aa0c4920e47cdd85d7e4e263e3b66fb41ddc,False,2e48375071c0e4ea7cd38c0e48ef97c5,e0130b78b00ec55822dbc39a41429817,1.2.0,580.173.02,15,1
E,20260821_134743,data/session_e/day2_20260821/logs/audit_20260821_134743.jsonl,xplorer-b,2026-08-21T10:47:43+00:00,v4.8-review,2.1,E-2026-09,97241265217eb4b08e26fb718eb21f40,6,loaded,0.75,0.1,qwen3.5:4b,0c8faadc50c205b83c634430c1dae6d1a4896c9b818cb8f290aa34d535265018,Q4_K_M,f973aa0c4920e47cdd85d7e4e263e3b66fb41ddc,False,2e48375071c0e4ea7cd38c0e48ef97c5,e0130b78b00ec55822dbc39a41429817,1.2.0,580.173.02,15,1
E,20260821_134844,data/session_e/day2_20260821/logs/audit_20260821_134844.jsonl,xplorer-b,2026-08-21T10:48:44+00:00,v4.8-review,2.1,E-2026-09,97241265217eb4b08e26fb718eb21f40,6,loaded,0.75,0.1,qwen3.5:4b,0c8faadc50c205b83c634430c1dae6d1a4896c9b818cb8f290aa34d535265018,Q4_K_M,f973aa0c4920e47cdd85d7e4e263e3b66fb41ddc,False,2e48375071c0e4ea7cd38c0e48ef97c5,e0130b78b00ec55822dbc39a41429817,1.2.0,580.173.02,15,1
E,20260821_135001,data/session_e/day2_20260821/logs/audit_20260821_135001.jsonl,xplorer-b,2026-08-21T10:50:01+00:00,v4.8-review,2.1,E-2026-09,97241265217eb4b08e26fb718eb21f40,6,loaded,0.75,0.1,qwen3.5:4b,0c8faadc50c205b83c634430c1dae6d1a4896c9b818cb8f290aa34d535265018,Q4_K_M,f973aa0c4920e47cdd85d7e4e263e3b66fb41ddc,False,2e48375071c0e4ea7cd38c0e48ef97c5,e0130b78b00ec55822dbc39a41429817,1.2.0,580.173.02,15,1
E,20260821_135113,data/session_e/day2_20260821/logs/audit_20260821_135113.jsonl,xplorer-b,2026-08-21T10:51:13+00:00,v4.8-review,2.1,E-2026-09,97241265217eb4b08e26fb718eb21f40,6,loaded,0.75,0.1,qwen3.5:4b,0c8faadc50c205b83c634430c1dae6d1a4896c9b818cb8f290aa34d535265018,Q4_K_M,f973aa0c4920e47cdd85d7e4e263e3b66fb41ddc,False,2e48375071c0e4ea7cd38c0e48ef97c5,e0130b78b00ec55822dbc39a41429817,1.2.0,580.173.02,15,2
E,20260821_135311,data/session_e/day2_20260821/logs/audit_20260821_135311.jsonl,xplorer-b,2026-08-21T10:53:11+00:00,v4.8-review,2.1,E-2026-09,97241265217eb4b08e26fb718eb21f40,6,loaded,0.75,0.1,qwen3.5:4b,0c8faadc50c205b83c634430c1dae6d1a4896c9b818cb8f290aa34d535265018,Q4_K_M,f973aa0c4920e47cdd85d7e4e263e3b66fb41ddc,False,2e48375071c0e4ea7cd38c0e48ef97c5,e0130b78b00ec55822dbc39a41429817,1.2.0,580.173.02,15,1
E,20260821_135419,data/session_e/day2_20260821/logs/audit_20260821_135419.jsonl,xplorer-b,2026-08-21T10:54:19+00:00,v4.8-review,2.1,E-2026-09,97241265217eb4b08e26fb718eb21f40,6,loaded,0.75,0.1,qwen3.5:4b,0c8faadc50c205b83c634430c1dae6d1a4896c9b818cb8f290aa34d535265018,Q4_K_M,f973aa0c4920e47cdd85d7e4e263e3b66fb41ddc,False,2e48375071c0e4ea7cd38c0e48ef97c5,e0130b78b00ec55822dbc39a41429817,1.2.0,580.173.02,15,1
E,20260821_135551,data/session_e/day2_20260821/logs/audit_20260821_135551.jsonl,xplorer-b,2026-08-21T10:55:51+00:00,v4.8-review,2.1,E-2026-09,97241265217eb4b08e26fb718eb21f40,6,loaded,0.75,0.1,qwen3.5:4b,0c8faadc50c205b83c634430c1dae6d1a4896c9b818cb8f290aa34d535265018,Q4_K_M,f973aa0c4920e47cdd85d7e4e263e3b66fb41ddc,False,2e48375071c0e4ea7cd38c0e48ef97c5,e0130b78b00ec55822dbc39a41429817,1.2.0,580.173.02,15,1
E,20260821_135704,data/session_e/day2_20260821/logs/audit_20260821_135704.jsonl,xplorer-b,2026-08-21T10:57:04+00:00,v4.8-review,2.1,E-2026-09,97241265217eb4b08e26fb718eb21f40,6,loaded,0.75,0.1,qwen3.5:4b,0c8faadc50c205b83c634430c1dae6d1a4896c9b818cb8f290aa34d535265018,Q4_K_M,f973aa0c4920e47cdd85d7e4e263e3b66fb41ddc,False,2e48375071c0e4ea7cd38c0e48ef97c5,e0130b78b00ec55822dbc39a41429817,1.2.0,580.173.02,15,1
E,20260821_140457,data/session_e/day2_20260821/logs/audit_20260821_140457.jsonl,xplorer-b,2026-08-21T11:04:57+00:00,v4.8-review,2.1,E-2026-09,,0,empty,0.75,0.1,qwen3.5:4b,0c8faadc50c205b83c634430c1dae6d1a4896c9b818cb8f290aa34d535265018,Q4_K_M,f973aa0c4920e47cdd85d7e4e263e3b66fb41ddc,False,2e48375071c0e4ea7cd38c0e48ef97c5,e0130b78b00ec55822dbc39a41429817,1.2.0,580.173.02,15,1
E,20260821_140856,data/session_e/day2_20260821/logs/audit_20260821_140856.jsonl,xplorer-b,2026-08-21T11:08:56+00:00,v4.8-review,2.1,E-2026-09,,0,empty,0.75,0.1,qwen3.5:4b,0c8faadc50c205b83c634430c1dae6d1a4896c9b818cb8f290aa34d535265018,Q4_K_M,f973aa0c4920e47cdd85d7e4e263e3b66fb41ddc,False,2e48375071c0e4ea7cd38c0e48ef97c5,e0130b78b00ec55822dbc39a41429817,1.2.0,580.173.02,15,1
E,20260821_142326,data/session_e/day2_20260821/logs/audit_20260821_142326.jsonl,xplorer-c,2026-08-21T11:23:26+00:00,v4.8-review,2.1,E-2026-09,,0,empty,0.75,0.1,qwen3.5:4b,0c8faadc50c205b83c634430c1dae6d1a4896c9b818cb8f290aa34d535265018,Q4_K_M,f973aa0c4920e47cdd85d7e4e263e3b66fb41ddc,False,2e48375071c0e4ea7cd38c0e48ef97c5,e0130b78b00ec55822dbc39a41429817,1.2.0,580.173.02,15,1
E,20260821_142441,data/session_e/day2_20260821/logs/audit_20260821_142441.jsonl,xplorer-c,2026-08-21T11:24:41+00:00,v4.8-review,2.1,E-2026-09,,0,empty,0.75,0.1,qwen3.5:4b,0c8faadc50c205b83c634430c1dae6d1a4896c9b818cb8f290aa34d535265018,Q4_K_M,f973aa0c4920e47cdd85d7e4e263e3b66fb41ddc,False,2e48375071c0e4ea7cd38c0e48ef97c5,e0130b78b00ec55822dbc39a41429817,1.2.0,580.173.02,15,1
E,20260821_143549,data/session_e/day2_20260821/logs/audit_20260821_143549.jsonl,xplorer-c,2026-08-21T11:35:49+00:00,v4.8-review,2.1,E-2026-09,97241265217eb4b08e26fb718eb21f40,6,loaded,0.75,0.1,qwen3.5:4b,0c8faadc50c205b83c634430c1dae6d1a4896c9b818cb8f290aa34d535265018,Q4_K_M,f973aa0c4920e47cdd85d7e4e263e3b66fb41ddc,False,2e48375071c0e4ea7cd38c0e48ef97c5,e0130b78b00ec55822dbc39a41429817,1.2.0,580.173.02,15,1
E,20260821_143713,data/session_e/day2_20260821/logs/audit_20260821_143713.jsonl,xplorer-c,2026-08-21T11:37:13+00:00,v4.8-review,2.1,E-2026-09,97241265217eb4b08e26fb718eb21f40,6,loaded,0.75,0.1,qwen3.5:4b,0c8faadc50c205b83c634430c1dae6d1a4896c9b818cb8f290aa34d535265018,Q4_K_M,f973aa0c4920e47cdd85d7e4e263e3b66fb41ddc,False,2e48375071c0e4ea7cd38c0e48ef97c5,e0130b78b00ec55822dbc39a41429817,1.2.0,580.173.02,15,1
E,20260821_143913,data/session_e/day2_20260821/logs/audit_20260821_143913.jsonl,xplorer-c,2026-08-21T11:39:13+00:00,v4.8-review,2.1,E-2026-09,97241265217eb4b08e26fb718eb21f40,6,loaded,0.75,0.1,qwen3.5:4b,0c8faadc50c205b83c634430c1dae6d1a4896c9b818cb8f290aa34d535265018,Q4_K_M,f973aa0c4920e47cdd85d7e4e263e3b66fb41ddc,False,2e48375071c0e4ea7cd38c0e48ef97c5,e0130b78b00ec55822dbc39a41429817,1.2.0,580.173.02,15,1
E,20260821_144018,data/session_e/day2_20260821/logs/audit_20260821_144018.jsonl,xplorer-c,2026-08-21T11:40:18+00:00,v4.8-review,2.1,E-2026-09,97241265217eb4b08e26fb718eb21f40,6,loaded,0.75,0.1,qwen3.5:4b,0c8faadc50c205b83c634430c1dae6d1a4896c9b818cb8f290aa34d535265018,Q4_K_M,f973aa0c4920e47cdd85d7e4e263e3b66fb41ddc,False,2e48375071c0e4ea7cd38c0e48ef97c5,e0130b78b00ec55822dbc39a41429817,1.2.0,580.173.02,15,1
E,20260821_144154,data/session_e/day2_20260821/logs/audit_20260821_144154.jsonl,xplorer-c,2026-08-21T11:41:54+00:00,v4.8-review,2.1,E-2026-09,97241265217eb4b08e26fb718eb21f40,6,loaded,0.75,0.1,qwen3.5:4b,0c8faadc50c205b83c634430c1dae6d1a4896c9b818cb8f290aa34d535265018,Q4_K_M,f973aa0c4920e47cdd85d7e4e263e3b66fb41ddc,False,2e48375071c0e4ea7cd38c0e48ef97c5,e0130b78b00ec55822dbc39a41429817,1.2.0,580.173.02,15,1
E,20260821_144333,data/session_e/day2_20260821/logs/audit_20260821_144333.jsonl,xplorer-c,2026-08-21T11:43:33+00:00,v4.8-review,2.1,E-2026-09,97241265217eb4b08e26fb718eb21f40,6,loaded,0.75,0.1,qwen3.5:4b,0c8faadc50c205b83c634430c1dae6d1a4896c9b818cb8f290aa34d535265018,Q4_K_M,f973aa0c4920e47cdd85d7e4e263e3b66fb41ddc,False,2e48375071c0e4ea7cd38c0e48ef97c5,e0130b78b00ec55822dbc39a41429817,1.2.0,580.173.02,15,1
E,20260821_144452,data/session_e/day2_20260821/logs/audit_20260821_144452.jsonl,xplorer-c,2026-08-21T11:44:52+00:00,v4.8-review,2.1,E-2026-09,97241265217eb4b08e26fb718eb21f40,6,loaded,0.75,0.1,qwen3.5:4b,0c8faadc50c205b83c634430c1dae6d1a4896c9b818cb8f290aa34d535265018,Q4_K_M,f973aa0c4920e47cdd85d7e4e263e3b66fb41ddc,False,2e48375071c0e4ea7cd38c0e48ef97c5,e0130b78b00ec55822dbc39a41429817,1.2.0,580.173.02,15,1
E,20260821_144613,data/session_e/day2_20260821/logs/audit_20260821_144613.jsonl,xplorer-c,2026-08-21T11:46:13+00:00,v4.8-review,2.1,E-2026-09,97241265217eb4b08e26fb718eb21f40,6,loaded,0.75,0.1,qwen3.5:4b,0c8faadc50c205b83c634430c1dae6d1a4896c9b818cb8f290aa34d535265018,Q4_K_M,f973aa0c4920e47cdd85d7e4e263e3b66fb41ddc,False,2e48375071c0e4ea7cd38c0e48ef97c5,e0130b78b00ec55822dbc39a41429817,1.2.0,580.173.02,15,1
E,20260821_144722,data/session_e/day2_20260821/logs/audit_20260821_144722.jsonl,xplorer-c,2026-08-21T11:47:22+00:00,v4.8-review,2.1,E-2026-09,97241265217eb4b08e26fb718eb21f40,6,loaded,0.75,0.1,qwen3.5:4b,0c8faadc50c205b83c634430c1dae6d1a4896c9b818cb8f290aa34d535265018,Q4_K_M,f973aa0c4920e47cdd85d7e4e263e3b66fb41ddc,False,2e48375071c0e4ea7cd38c0e48ef97c5,e0130b78b00ec55822dbc39a41429817,1.2.0,580.173.02,15,1
E,20260821_144850,data/session_e/day2_20260821/logs/audit_20260821_144850.jsonl,xplorer-c,2026-08-21T11:48:50+00:00,v4.8-review,2.1,E-2026-09,97241265217eb4b08e26fb718eb21f40,6,loaded,0.75,0.1,qwen3.5:4b,0c8faadc50c205b83c634430c1dae6d1a4896c9b818cb8f290aa34d535265018,Q4_K_M,f973aa0c4920e47cdd85d7e4e263e3b66fb41ddc,False,2e48375071c0e4ea7cd38c0e48ef97c5,e0130b78b00ec55822dbc39a41429817,1.2.0,580.173.02,15,1
E,20260821_151342,data/session_e/day2_20260821/logs/audit_20260821_151342.jsonl,xplorer-b,2026-08-21T12:13:42+00:00,v4.8-review,2.1,E-2026-09,97241265217eb4b08e26fb718eb21f40,6,loaded,0.75,0.1,qwen3.5:4b,0c8faadc50c205b83c634430c1dae6d1a4896c9b818cb8f290aa34d535265018,Q4_K_M,f973aa0c4920e47cdd85d7e4e263e3b66fb41ddc,False,2e48375071c0e4ea7cd38c0e48ef97c5,e0130b78b00ec55822dbc39a41429817,1.2.0,580.173.02,15,1
E,20260821_151517,data/session_e/day2_20260821/logs/audit_20260821_151517.jsonl,xplorer-b,2026-08-21T12:15:17+00:00,v4.8-review,2.1,E-2026-09,97241265217eb4b08e26fb718eb21f40,6,loaded,0.75,0.1,qwen3.5:4b,0c8faadc50c205b83c634430c1dae6d1a4896c9b818cb8f290aa34d535265018,Q4_K_M,f973aa0c4920e47cdd85d7e4e263e3b66fb41ddc,False,2e48375071c0e4ea7cd38c0e48ef97c5,e0130b78b00ec55822dbc39a41429817,1.2.0,580.173.02,15,1
E,20260821_151846,data/session_e/day2_20260821/logs/audit_20260821_151846.jsonl,xplorer-b,2026-08-21T12:18:46+00:00,v4.8-review,2.1,E-2026-09,97241265217eb4b08e26fb718eb21f40,6,loaded,0.75,0.1,qwen3.5:4b,0c8faadc50c205b83c634430c1dae6d1a4896c9b818cb8f290aa34d535265018,Q4_K_M,f973aa0c4920e47cdd85d7e4e263e3b66fb41ddc,False,2e48375071c0e4ea7cd38c0e48ef97c5,e0130b78b00ec55822dbc39a41429817,1.2.0,580.173.02,15,1
E,20260821_152359,data/session_e/day2_20260821/logs/audit_20260821_152359.jsonl,xplorer-b,2026-08-21T12:23:59+00:00,v4.8-review,2.1,E-2026-09,97241265217eb4b08e26fb718eb21f40,6,loaded,0.75,0.1,qwen3.5:4b,0c8faadc50c205b83c634430c1dae6d1a4896c9b818cb8f290aa34d535265018,Q4_K_M,f973aa0c4920e47cdd85d7e4e263e3b66fb41ddc,False,2e48375071c0e4ea7cd38c0e48ef97c5,e0130b78b00ec55822dbc39a41429817,1.2.0,580.173.02,15,1
E,20260821_152524,data/session_e/day2_20260821/logs/audit_20260821_152524.jsonl,xplorer-b,2026-08-21T12:25:24+00:00,v4.8-review,2.1,E-2026-09,97241265217eb4b08e26fb718eb21f40,6,loaded,0.75,0.1,qwen3.5:4b,0c8faadc50c205b83c634430c1dae6d1a4896c9b818cb8f290aa34d535265018,Q4_K_M,f973aa0c4920e47cdd85d7e4e263e3b66fb41ddc,False,2e48375071c0e4ea7cd38c0e48ef97c5,e0130b78b00ec55822dbc39a41429817,1.2.0,580.173.02,15,1
E,20260821_152624,data/session_e/day2_20260821/logs/audit_20260821_152624.jsonl,xplorer-b,2026-08-21T12:26:24+00:00,v4.8-review,2.1,E-2026-09,97241265217eb4b08e26fb718eb21f40,6,loaded,0.75,0.1,qwen3.5:4b,0c8faadc50c205b83c634430c1dae6d1a4896c9b818cb8f290aa34d535265018,Q4_K_M,f973aa0c4920e47cdd85d7e4e263e3b66fb41ddc,False,2e48375071c0e4ea7cd38c0e48ef97c5,e0130b78b00ec55822dbc39a41429817,1.2.0,580.173.02,15,2
E,20260821_153019,data/session_e/day2_20260821/logs/audit_20260821_153019.jsonl,xplorer-b,2026-08-21T12:30:19+00:00,v4.8-review,2.1,E-2026-09,97241265217eb4b08e26fb718eb21f40,6,loaded,0.75,0.1,qwen3.5:4b,0c8faadc50c205b83c634430c1dae6d1a4896c9b818cb8f290aa34d535265018,Q4_K_M,f973aa0c4920e47cdd85d7e4e263e3b66fb41ddc,False,2e48375071c0e4ea7cd38c0e48ef97c5,e0130b78b00ec55822dbc39a41429817,1.2.0,580.173.02,15,1
E,20260821_153221,data/session_e/day2_20260821/logs/audit_20260821_153221.jsonl,xplorer-b,2026-08-21T12:32:21+00:00,v4.8-review,2.1,E-2026-09,97241265217eb4b08e26fb718eb21f40,6,loaded,0.75,0.1,qwen3.5:4b,0c8faadc50c205b83c634430c1dae6d1a4896c9b818cb8f290aa34d535265018,Q4_K_M,f973aa0c4920e47cdd85d7e4e263e3b66fb41ddc,False,2e48375071c0e4ea7cd38c0e48ef97c5,e0130b78b00ec55822dbc39a41429817,1.2.0,580.173.02,15,1
E,20260821_153343,data/session_e/day2_20260821/logs/audit_20260821_153343.jsonl,xplorer-b,2026-08-21T12:33:43+00:00,v4.8-review,2.1,E-2026-09,97241265217eb4b08e26fb718eb21f40,6,loaded,0.75,0.1,qwen3.5:4b,0c8faadc50c205b83c634430c1dae6d1a4896c9b818cb8f290aa34d535265018,Q4_K_M,f973aa0c4920e47cdd85d7e4e263e3b66fb41ddc,False,2e48375071c0e4ea7cd38c0e48ef97c5,e0130b78b00ec55822dbc39a41429817,1.2.0,580.173.02,15,2
E,20260821_153503,data/session_e/day2_20260821/logs/audit_20260821_153503.jsonl,xplorer-b,2026-08-21T12:35:03+00:00,v4.8-review,2.1,E-2026-09,97241265217eb4b08e26fb718eb21f40,6,loaded,0.75,0.1,qwen3.5:4b,0c8faadc50c205b83c634430c1dae6d1a4896c9b818cb8f290aa34d535265018,Q4_K_M,f973aa0c4920e47cdd85d7e4e263e3b66fb41ddc,False,2e48375071c0e4ea7cd38c0e48ef97c5,e0130b78b00ec55822dbc39a41429817,1.2.0,580.173.02,15,2
E,20260821_164323,data/session_e/day2_20260821/logs/audit_20260821_164323.jsonl,xplorer-b,2026-08-21T13:43:23+00:00,v4.8-review,2.1,E-2026-09,97241265217eb4b08e26fb718eb21f40,6,loaded,0.75,0.1,qwen3.5:4b,0c8faadc50c205b83c634430c1dae6d1a4896c9b818cb8f290aa34d535265018,Q4_K_M,f973aa0c4920e47cdd85d7e4e263e3b66fb41ddc,False,2e48375071c0e4ea7cd38c0e48ef97c5,e0130b78b00ec55822dbc39a41429817,1.2.0,580.173.02,15,1
E,20260821_164326,data/session_e/day2_20260821/logs/audit_20260821_164326.jsonl,xplorer-c,2026-08-21T13:43:26+00:00,v4.8-review,2.1,E-2026-09,97241265217eb4b08e26fb718eb21f40,6,loaded,0.75,0.1,qwen3.5:4b,0c8faadc50c205b83c634430c1dae6d1a4896c9b818cb8f290aa34d535265018,Q4_K_M,f973aa0c4920e47cdd85d7e4e263e3b66fb41ddc,False,2e48375071c0e4ea7cd38c0e48ef97c5,e0130b78b00ec55822dbc39a41429817,1.2.0,580.173.02,15,1
E,20260821_164941,data/session_e/day2_20260821/logs/audit_20260821_164941.jsonl,xplorer-b,2026-08-21T13:49:41+00:00,v4.8-review,2.1,E-2026-09,97241265217eb4b08e26fb718eb21f40,6,loaded,0.75,0.1,qwen3.5:4b,0c8faadc50c205b83c634430c1dae6d1a4896c9b818cb8f290aa34d535265018,Q4_K_M,f973aa0c4920e47cdd85d7e4e263e3b66fb41ddc,False,2e48375071c0e4ea7cd38c0e48ef97c5,e0130b78b00ec55822dbc39a41429817,1.2.0,580.173.02,15,1
E,20260821_164945,data/session_e/day2_20260821/logs/audit_20260821_164945.jsonl,xplorer-c,2026-08-21T13:49:45+00:00,v4.8-review,2.1,E-2026-09,97241265217eb4b08e26fb718eb21f40,6,loaded,0.75,0.1,qwen3.5:4b,0c8faadc50c205b83c634430c1dae6d1a4896c9b818cb8f290aa34d535265018,Q4_K_M,f973aa0c4920e47cdd85d7e4e263e3b66fb41ddc,False,2e48375071c0e4ea7cd38c0e48ef97c5,e0130b78b00ec55822dbc39a41429817,1.2.0,580.173.02,15,1
E,20260821_165317,data/session_e/day2_20260821/logs/audit_20260821_165317.jsonl,xplorer-b,2026-08-21T13:53:17+00:00,v4.8-review,2.1,E-2026-09,97241265217eb4b08e26fb718eb21f40,6,loaded,0.75,0.1,qwen3.5:4b,0c8faadc50c205b83c634430c1dae6d1a4896c9b818cb8f290aa34d535265018,Q4_K_M,f973aa0c4920e47cdd85d7e4e263e3b66fb41ddc,False,2e48375071c0e4ea7cd38c0e48ef97c5,e0130b78b00ec55822dbc39a41429817,1.2.0,580.173.02,15,1
E,20260821_165320,data/session_e/day2_20260821/logs/audit_20260821_165320.jsonl,xplorer-c,2026-08-21T13:53:20+00:00,v4.8-review,2.1,E-2026-09,97241265217eb4b08e26fb718eb21f40,6,loaded,0.75,0.1,qwen3.5:4b,0c8faadc50c205b83c634430c1dae6d1a4896c9b818cb8f290aa34d535265018,Q4_K_M,f973aa0c4920e47cdd85d7e4e263e3b66fb41ddc,False,2e48375071c0e4ea7cd38c0e48ef97c5,e0130b78b00ec55822dbc39a41429817,1.2.0,580.173.02,15,1
E,20260821_170007,data/session_e/day2_20260821/logs/audit_20260821_170007.jsonl,xplorer-b,2026-08-21T14:00:07+00:00,v4.8-review,2.1,E-2026-09,97241265217eb4b08e26fb718eb21f40,6,loaded,0.75,0.1,qwen3.5:4b,0c8faadc50c205b83c634430c1dae6d1a4896c9b818cb8f290aa34d535265018,Q4_K_M,f973aa0c4920e47cdd85d7e4e263e3b66fb41ddc,False,2e48375071c0e4ea7cd38c0e48ef97c5,e0130b78b00ec55822dbc39a41429817,1.2.0,580.173.02,15,1
E,20260821_170226,data/session_e/day2_20260821/logs/audit_20260821_170226.jsonl,xplorer-c,2026-08-21T14:02:26+00:00,v4.8-review,2.1,E-2026-09,97241265217eb4b08e26fb718eb21f40,6,loaded,0.75,0.1,qwen3.5:4b,0c8faadc50c205b83c634430c1dae6d1a4896c9b818cb8f290aa34d535265018,Q4_K_M,f973aa0c4920e47cdd85d7e4e263e3b66fb41ddc,False,2e48375071c0e4ea7cd38c0e48ef97c5,e0130b78b00ec55822dbc39a41429817,1.2.0,580.173.02,15,1
E,20260821_172025,data/session_e/day2_20260821/logs/audit_20260821_172025.jsonl,xplorer-b,2026-08-21T14:20:25+00:00,v4.8-review,2.1,E-2026-09,97241265217eb4b08e26fb718eb21f40,6,loaded,0.75,0.1,qwen3.5:4b,0c8faadc50c205b83c634430c1dae6d1a4896c9b818cb8f290aa34d535265018,Q4_K_M,f973aa0c4920e47cdd85d7e4e263e3b66fb41ddc,False,2e48375071c0e4ea7cd38c0e48ef97c5,e0130b78b00ec55822dbc39a41429817,1.2.0,580.173.02,15,1
E,20260821_172417,data/session_e/day2_20260821/logs/audit_20260821_172417.jsonl,xplorer-c,2026-08-21T14:24:17+00:00,v4.8-review,2.1,E-2026-09,97241265217eb4b08e26fb718eb21f40,6,loaded,0.75,0.1,qwen3.5:4b,0c8faadc50c205b83c634430c1dae6d1a4896c9b818cb8f290aa34d535265018,Q4_K_M,f973aa0c4920e47cdd85d7e4e263e3b66fb41ddc,False,2e48375071c0e4ea7cd38c0e48ef97c5,e0130b78b00ec55822dbc39a41429817,1.2.0,580.173.02,15,1
E,20260821_172547,data/session_e/day2_20260821/logs/audit_20260821_172547.jsonl,xplorer-c,2026-08-21T14:25:47+00:00,v4.8-review,2.1,E-2026-09,97241265217eb4b08e26fb718eb21f40,6,loaded,0.75,0.1,qwen3.5:4b,0c8faadc50c205b83c634430c1dae6d1a4896c9b818cb8f290aa34d535265018,Q4_K_M,f973aa0c4920e47cdd85d7e4e263e3b66fb41ddc,False,2e48375071c0e4ea7cd38c0e48ef97c5,e0130b78b00ec55822dbc39a41429817,1.2.0,580.173.02,15,1
E,20260821_172706,data/session_e/day2_20260821/logs/audit_20260821_172706.jsonl,xplorer-c,2026-08-21T14:27:06+00:00,v4.8-review,2.1,E-2026-09,97241265217eb4b08e26fb718eb21f40,6,loaded,0.75,0.1,qwen3.5:4b,0c8faadc50c205b83c634430c1dae6d1a4896c9b818cb8f290aa34d535265018,Q4_K_M,f973aa0c4920e47cdd85d7e4e263e3b66fb41ddc,False,2e48375071c0e4ea7cd38c0e48ef97c5,e0130b78b00ec55822dbc39a41429817,1.2.0,580.173.02,15,1
E,20260821_172836,data/session_e/day2_20260821/logs/audit_20260821_172836.jsonl,xplorer-c,2026-08-21T14:28:36+00:00,v4.8-review,2.1,E-2026-09,97241265217eb4b08e26fb718eb21f40,6,loaded,0.75,0.1,qwen3.5:4b,0c8faadc50c205b83c634430c1dae6d1a4896c9b818cb8f290aa34d535265018,Q4_K_M,f973aa0c4920e47cdd85d7e4e263e3b66fb41ddc,False,2e48375071c0e4ea7cd38c0e48ef97c5,e0130b78b00ec55822dbc39a41429817,1.2.0,580.173.02,15,1
E,20260821_173339,data/session_e/day2_20260821/logs/audit_20260821_173339.jsonl,xplorer-b,2026-08-21T14:33:39+00:00,v4.8-review,2.1,E-2026-09,eca5dbc8061bc3fdafdc49e12bc2c900,1,loaded,0.75,0.1,qwen3.5:4b,0c8faadc50c205b83c634430c1dae6d1a4896c9b818cb8f290aa34d535265018,Q4_K_M,f973aa0c4920e47cdd85d7e4e263e3b66fb41ddc,False,2e48375071c0e4ea7cd38c0e48ef97c5,e0130b78b00ec55822dbc39a41429817,1.2.0,580.173.02,15,1
E,20260821_173514,data/session_e/day2_20260821/logs/audit_20260821_173514.jsonl,xplorer-b,2026-08-21T14:35:14+00:00,v4.8-review,2.1,E-2026-09,eca5dbc8061bc3fdafdc49e12bc2c900,1,loaded,0.75,0.1,qwen3.5:4b,0c8faadc50c205b83c634430c1dae6d1a4896c9b818cb8f290aa34d535265018,Q4_K_M,f973aa0c4920e47cdd85d7e4e263e3b66fb41ddc,False,2e48375071c0e4ea7cd38c0e48ef97c5,e0130b78b00ec55822dbc39a41429817,1.2.0,580.173.02,15,1
E,20260821_173618,data/session_e/day2_20260821/logs/audit_20260821_173618.jsonl,xplorer-b,2026-08-21T14:36:18+00:00,v4.8-review,2.1,E-2026-09,eca5dbc8061bc3fdafdc49e12bc2c900,1,loaded,0.75,0.1,qwen3.5:4b,0c8faadc50c205b83c634430c1dae6d1a4896c9b818cb8f290aa34d535265018,Q4_K_M,f973aa0c4920e47cdd85d7e4e263e3b66fb41ddc,False,2e48375071c0e4ea7cd38c0e48ef97c5,e0130b78b00ec55822dbc39a41429817,1.2.0,580.173.02,15,1
E,20260821_173717,data/session_e/day2_20260821/logs/audit_20260821_173717.jsonl,xplorer-b,2026-08-21T14:37:17+00:00,v4.8-review,2.1,E-2026-09,eca5dbc8061bc3fdafdc49e12bc2c900,1,loaded,0.75,0.1,qwen3.5:4b,0c8faadc50c205b83c634430c1dae6d1a4896c9b818cb8f290aa34d535265018,Q4_K_M,f973aa0c4920e47cdd85d7e4e263e3b66fb41ddc,False,2e48375071c0e4ea7cd38c0e48ef97c5,e0130b78b00ec55822dbc39a41429817,1.2.0,580.173.02,15,1
E,20260821_173949,data/session_e/day2_20260821/logs/audit_20260821_173949.jsonl,xplorer-b,2026-08-21T14:39:49+00:00,v4.8-review,2.1,E-2026-09,eca5dbc8061bc3fdafdc49e12bc2c900,1,loaded,0.75,0.1,qwen3.5:4b,0c8faadc50c205b83c634430c1dae6d1a4896c9b818cb8f290aa34d535265018,Q4_K_M,f973aa0c4920e47cdd85d7e4e263e3b66fb41ddc,False,2e48375071c0e4ea7cd38c0e48ef97c5,e0130b78b00ec55822dbc39a41429817,1.2.0,580.173.02,15,1
