min_frequency,consistency_threshold,candidate_label,source_block,frequency,consistency_rounded,l3b_vlm_count,promoted
1,0.00,deliveries,E4.1,4,0.50,3,True
1,0.00,quiet_corner,E4.1,4,0.75,4,True
1,0.00,wet_gloves,E4b.1,4,1.00,4,True
1,0.01,deliveries,E4.1,4,0.50,3,True
1,0.01,quiet_corner,E4.1,4,0.75,4,True
1,0.01,wet_gloves,E4b.1,4,1.00,4,True
1,0.02,deliveries,E4.1,4,0.50,3,True
1,0.02,quiet_corner,E4.1,4,0.75,4,True
1,0.02,wet_gloves,E4b.1,4,1.00,4,True
1,0.03,deliveries,E4.1,4,0.50,3,True
1,0.03,quiet_corner,E4.1,4,0.75,4,True
1,0.03,wet_gloves,E4b.1,4,1.00,4,True
1,0.04,deliveries,E4.1,4,0.50,3,True
1,0.04,quiet_corner,E4.1,4,0.75,4,True
1,0.04,wet_gloves,E4b.1,4,1.00,4,True
1,0.05,deliveries,E4.1,4,0.50,3,True
1,0.05,quiet_corner,E4.1,4,0.75,4,True
1,0.05,wet_gloves,E4b.1,4,1.00,4,True
1,0.06,deliveries,E4.1,4,0.50,3,True
1,0.06,quiet_corner,E4.1,4,0.75,4,True
1,0.06,wet_gloves,E4b.1,4,1.00,4,True
1,0.07,deliveries,E4.1,4,0.50,3,True
1,0.07,quiet_corner,E4.1,4,0.75,4,True
1,0.07,wet_gloves,E4b.1,4,1.00,4,True
1,0.08,deliveries,E4.1,4,0.50,3,True
1,0.08,quiet_corner,E4.1,4,0.75,4,True
1,0.08,wet_gloves,E4b.1,4,1.00,4,True
1,0.09,deliveries,E4.1,4,0.50,3,True
1,0.09,quiet_corner,E4.1,4,0.75,4,True
1,0.09,wet_gloves,E4b.1,4,1.00,4,True
1,0.10,deliveries,E4.1,4,0.50,3,True
1,0.10,quiet_corner,E4.1,4,0.75,4,True
1,0.10,wet_gloves,E4b.1,4,1.00,4,True
1,0.11,deliveries,E4.1,4,0.50,3,True
1,0.11,quiet_corner,E4.1,4,0.75,4,True
1,0.11,wet_gloves,E4b.1,4,1.00,4,True
1,0.12,deliveries,E4.1,4,0.50,3,True
1,0.12,quiet_corner,E4.1,4,0.75,4,True
1,0.12,wet_gloves,E4b.1,4,1.00,4,True
1,0.13,deliveries,E4.1,4,0.50,3,True
1,0.13,quiet_corner,E4.1,4,0.75,4,True
1,0.13,wet_gloves,E4b.1,4,1.00,4,True
1,0.14,deliveries,E4.1,4,0.50,3,True
1,0.14,quiet_corner,E4.1,4,0.75,4,True
1,0.14,wet_gloves,E4b.1,4,1.00,4,True
1,0.15,deliveries,E4.1,4,0.50,3,True
1,0.15,quiet_corner,E4.1,4,0.75,4,True
1,0.15,wet_gloves,E4b.1,4,1.00,4,True
1,0.16,deliveries,E4.1,4,0.50,3,True
1,0.16,quiet_corner,E4.1,4,0.75,4,True
1,0.16,wet_gloves,E4b.1,4,1.00,4,True
1,0.17,deliveries,E4.1,4,0.50,3,True
1,0.17,quiet_corner,E4.1,4,0.75,4,True
1,0.17,wet_gloves,E4b.1,4,1.00,4,True
1,0.18,deliveries,E4.1,4,0.50,3,True
1,0.18,quiet_corner,E4.1,4,0.75,4,True
1,0.18,wet_gloves,E4b.1,4,1.00,4,True
1,0.19,deliveries,E4.1,4,0.50,3,True
1,0.19,quiet_corner,E4.1,4,0.75,4,True
1,0.19,wet_gloves,E4b.1,4,1.00,4,True
1,0.20,deliveries,E4.1,4,0.50,3,True
1,0.20,quiet_corner,E4.1,4,0.75,4,True
1,0.20,wet_gloves,E4b.1,4,1.00,4,True
1,0.21,deliveries,E4.1,4,0.50,3,True
1,0.21,quiet_corner,E4.1,4,0.75,4,True
1,0.21,wet_gloves,E4b.1,4,1.00,4,True
1,0.22,deliveries,E4.1,4,0.50,3,True
1,0.22,quiet_corner,E4.1,4,0.75,4,True
1,0.22,wet_gloves,E4b.1,4,1.00,4,True
1,0.23,deliveries,E4.1,4,0.50,3,True
1,0.23,quiet_corner,E4.1,4,0.75,4,True
1,0.23,wet_gloves,E4b.1,4,1.00,4,True
1,0.24,deliveries,E4.1,4,0.50,3,True
1,0.24,quiet_corner,E4.1,4,0.75,4,True
1,0.24,wet_gloves,E4b.1,4,1.00,4,True
1,0.25,deliveries,E4.1,4,0.50,3,True
1,0.25,quiet_corner,E4.1,4,0.75,4,True
1,0.25,wet_gloves,E4b.1,4,1.00,4,True
1,0.26,deliveries,E4.1,4,0.50,3,True
1,0.26,quiet_corner,E4.1,4,0.75,4,True
1,0.26,wet_gloves,E4b.1,4,1.00,4,True
1,0.27,deliveries,E4.1,4,0.50,3,True
1,0.27,quiet_corner,E4.1,4,0.75,4,True
1,0.27,wet_gloves,E4b.1,4,1.00,4,True
1,0.28,deliveries,E4.1,4,0.50,3,True
1,0.28,quiet_corner,E4.1,4,0.75,4,True
1,0.28,wet_gloves,E4b.1,4,1.00,4,True
1,0.29,deliveries,E4.1,4,0.50,3,True
1,0.29,quiet_corner,E4.1,4,0.75,4,True
1,0.29,wet_gloves,E4b.1,4,1.00,4,True
1,0.30,deliveries,E4.1,4,0.50,3,True
1,0.30,quiet_corner,E4.1,4,0.75,4,True
1,0.30,wet_gloves,E4b.1,4,1.00,4,True
1,0.31,deliveries,E4.1,4,0.50,3,True
1,0.31,quiet_corner,E4.1,4,0.75,4,True
1,0.31,wet_gloves,E4b.1,4,1.00,4,True
1,0.32,deliveries,E4.1,4,0.50,3,True
1,0.32,quiet_corner,E4.1,4,0.75,4,True
1,0.32,wet_gloves,E4b.1,4,1.00,4,True
1,0.33,deliveries,E4.1,4,0.50,3,True
1,0.33,quiet_corner,E4.1,4,0.75,4,True
1,0.33,wet_gloves,E4b.1,4,1.00,4,True
1,0.34,deliveries,E4.1,4,0.50,3,True
1,0.34,quiet_corner,E4.1,4,0.75,4,True
1,0.34,wet_gloves,E4b.1,4,1.00,4,True
1,0.35,deliveries,E4.1,4,0.50,3,True
1,0.35,quiet_corner,E4.1,4,0.75,4,True
1,0.35,wet_gloves,E4b.1,4,1.00,4,True
1,0.36,deliveries,E4.1,4,0.50,3,True
1,0.36,quiet_corner,E4.1,4,0.75,4,True
1,0.36,wet_gloves,E4b.1,4,1.00,4,True
1,0.37,deliveries,E4.1,4,0.50,3,True
1,0.37,quiet_corner,E4.1,4,0.75,4,True
1,0.37,wet_gloves,E4b.1,4,1.00,4,True
1,0.38,deliveries,E4.1,4,0.50,3,True
1,0.38,quiet_corner,E4.1,4,0.75,4,True
1,0.38,wet_gloves,E4b.1,4,1.00,4,True
1,0.39,deliveries,E4.1,4,0.50,3,True
1,0.39,quiet_corner,E4.1,4,0.75,4,True
1,0.39,wet_gloves,E4b.1,4,1.00,4,True
1,0.40,deliveries,E4.1,4,0.50,3,True
1,0.40,quiet_corner,E4.1,4,0.75,4,True
1,0.40,wet_gloves,E4b.1,4,1.00,4,True
1,0.41,deliveries,E4.1,4,0.50,3,True
1,0.41,quiet_corner,E4.1,4,0.75,4,True
1,0.41,wet_gloves,E4b.1,4,1.00,4,True
1,0.42,deliveries,E4.1,4,0.50,3,True
1,0.42,quiet_corner,E4.1,4,0.75,4,True
1,0.42,wet_gloves,E4b.1,4,1.00,4,True
1,0.43,deliveries,E4.1,4,0.50,3,True
1,0.43,quiet_corner,E4.1,4,0.75,4,True
1,0.43,wet_gloves,E4b.1,4,1.00,4,True
1,0.44,deliveries,E4.1,4,0.50,3,True
1,0.44,quiet_corner,E4.1,4,0.75,4,True
1,0.44,wet_gloves,E4b.1,4,1.00,4,True
1,0.45,deliveries,E4.1,4,0.50,3,True
1,0.45,quiet_corner,E4.1,4,0.75,4,True
1,0.45,wet_gloves,E4b.1,4,1.00,4,True
1,0.46,deliveries,E4.1,4,0.50,3,True
1,0.46,quiet_corner,E4.1,4,0.75,4,True
1,0.46,wet_gloves,E4b.1,4,1.00,4,True
1,0.47,deliveries,E4.1,4,0.50,3,True
1,0.47,quiet_corner,E4.1,4,0.75,4,True
1,0.47,wet_gloves,E4b.1,4,1.00,4,True
1,0.48,deliveries,E4.1,4,0.50,3,True
1,0.48,quiet_corner,E4.1,4,0.75,4,True
1,0.48,wet_gloves,E4b.1,4,1.00,4,True
1,0.49,deliveries,E4.1,4,0.50,3,True
1,0.49,quiet_corner,E4.1,4,0.75,4,True
1,0.49,wet_gloves,E4b.1,4,1.00,4,True
1,0.50,deliveries,E4.1,4,0.50,3,True
1,0.50,quiet_corner,E4.1,4,0.75,4,True
1,0.50,wet_gloves,E4b.1,4,1.00,4,True
1,0.51,deliveries,E4.1,4,0.50,3,False
1,0.51,quiet_corner,E4.1,4,0.75,4,True
1,0.51,wet_gloves,E4b.1,4,1.00,4,True
1,0.52,deliveries,E4.1,4,0.50,3,False
1,0.52,quiet_corner,E4.1,4,0.75,4,True
1,0.52,wet_gloves,E4b.1,4,1.00,4,True
1,0.53,deliveries,E4.1,4,0.50,3,False
1,0.53,quiet_corner,E4.1,4,0.75,4,True
1,0.53,wet_gloves,E4b.1,4,1.00,4,True
1,0.54,deliveries,E4.1,4,0.50,3,False
1,0.54,quiet_corner,E4.1,4,0.75,4,True
1,0.54,wet_gloves,E4b.1,4,1.00,4,True
1,0.55,deliveries,E4.1,4,0.50,3,False
1,0.55,quiet_corner,E4.1,4,0.75,4,True
1,0.55,wet_gloves,E4b.1,4,1.00,4,True
1,0.56,deliveries,E4.1,4,0.50,3,False
1,0.56,quiet_corner,E4.1,4,0.75,4,True
1,0.56,wet_gloves,E4b.1,4,1.00,4,True
1,0.57,deliveries,E4.1,4,0.50,3,False
1,0.57,quiet_corner,E4.1,4,0.75,4,True
1,0.57,wet_gloves,E4b.1,4,1.00,4,True
1,0.58,deliveries,E4.1,4,0.50,3,False
1,0.58,quiet_corner,E4.1,4,0.75,4,True
1,0.58,wet_gloves,E4b.1,4,1.00,4,True
1,0.59,deliveries,E4.1,4,0.50,3,False
1,0.59,quiet_corner,E4.1,4,0.75,4,True
1,0.59,wet_gloves,E4b.1,4,1.00,4,True
1,0.60,deliveries,E4.1,4,0.50,3,False
1,0.60,quiet_corner,E4.1,4,0.75,4,True
1,0.60,wet_gloves,E4b.1,4,1.00,4,True
1,0.61,deliveries,E4.1,4,0.50,3,False
1,0.61,quiet_corner,E4.1,4,0.75,4,True
1,0.61,wet_gloves,E4b.1,4,1.00,4,True
1,0.62,deliveries,E4.1,4,0.50,3,False
1,0.62,quiet_corner,E4.1,4,0.75,4,True
1,0.62,wet_gloves,E4b.1,4,1.00,4,True
1,0.63,deliveries,E4.1,4,0.50,3,False
1,0.63,quiet_corner,E4.1,4,0.75,4,True
1,0.63,wet_gloves,E4b.1,4,1.00,4,True
1,0.64,deliveries,E4.1,4,0.50,3,False
1,0.64,quiet_corner,E4.1,4,0.75,4,True
1,0.64,wet_gloves,E4b.1,4,1.00,4,True
1,0.65,deliveries,E4.1,4,0.50,3,False
1,0.65,quiet_corner,E4.1,4,0.75,4,True
1,0.65,wet_gloves,E4b.1,4,1.00,4,True
1,0.66,deliveries,E4.1,4,0.50,3,False
1,0.66,quiet_corner,E4.1,4,0.75,4,True
1,0.66,wet_gloves,E4b.1,4,1.00,4,True
1,0.67,deliveries,E4.1,4,0.50,3,False
1,0.67,quiet_corner,E4.1,4,0.75,4,True
1,0.67,wet_gloves,E4b.1,4,1.00,4,True
1,0.68,deliveries,E4.1,4,0.50,3,False
1,0.68,quiet_corner,E4.1,4,0.75,4,True
1,0.68,wet_gloves,E4b.1,4,1.00,4,True
1,0.69,deliveries,E4.1,4,0.50,3,False
1,0.69,quiet_corner,E4.1,4,0.75,4,True
1,0.69,wet_gloves,E4b.1,4,1.00,4,True
1,0.70,deliveries,E4.1,4,0.50,3,False
1,0.70,quiet_corner,E4.1,4,0.75,4,True
1,0.70,wet_gloves,E4b.1,4,1.00,4,True
1,0.71,deliveries,E4.1,4,0.50,3,False
1,0.71,quiet_corner,E4.1,4,0.75,4,True
1,0.71,wet_gloves,E4b.1,4,1.00,4,True
1,0.72,deliveries,E4.1,4,0.50,3,False
1,0.72,quiet_corner,E4.1,4,0.75,4,True
1,0.72,wet_gloves,E4b.1,4,1.00,4,True
1,0.73,deliveries,E4.1,4,0.50,3,False
1,0.73,quiet_corner,E4.1,4,0.75,4,True
1,0.73,wet_gloves,E4b.1,4,1.00,4,True
1,0.74,deliveries,E4.1,4,0.50,3,False
1,0.74,quiet_corner,E4.1,4,0.75,4,True
1,0.74,wet_gloves,E4b.1,4,1.00,4,True
1,0.75,deliveries,E4.1,4,0.50,3,False
1,0.75,quiet_corner,E4.1,4,0.75,4,True
1,0.75,wet_gloves,E4b.1,4,1.00,4,True
1,0.76,deliveries,E4.1,4,0.50,3,False
1,0.76,quiet_corner,E4.1,4,0.75,4,False
1,0.76,wet_gloves,E4b.1,4,1.00,4,True
1,0.77,deliveries,E4.1,4,0.50,3,False
1,0.77,quiet_corner,E4.1,4,0.75,4,False
1,0.77,wet_gloves,E4b.1,4,1.00,4,True
1,0.78,deliveries,E4.1,4,0.50,3,False
1,0.78,quiet_corner,E4.1,4,0.75,4,False
1,0.78,wet_gloves,E4b.1,4,1.00,4,True
1,0.79,deliveries,E4.1,4,0.50,3,False
1,0.79,quiet_corner,E4.1,4,0.75,4,False
1,0.79,wet_gloves,E4b.1,4,1.00,4,True
1,0.80,deliveries,E4.1,4,0.50,3,False
1,0.80,quiet_corner,E4.1,4,0.75,4,False
1,0.80,wet_gloves,E4b.1,4,1.00,4,True
1,0.81,deliveries,E4.1,4,0.50,3,False
1,0.81,quiet_corner,E4.1,4,0.75,4,False
1,0.81,wet_gloves,E4b.1,4,1.00,4,True
1,0.82,deliveries,E4.1,4,0.50,3,False
1,0.82,quiet_corner,E4.1,4,0.75,4,False
1,0.82,wet_gloves,E4b.1,4,1.00,4,True
1,0.83,deliveries,E4.1,4,0.50,3,False
1,0.83,quiet_corner,E4.1,4,0.75,4,False
1,0.83,wet_gloves,E4b.1,4,1.00,4,True
1,0.84,deliveries,E4.1,4,0.50,3,False
1,0.84,quiet_corner,E4.1,4,0.75,4,False
1,0.84,wet_gloves,E4b.1,4,1.00,4,True
1,0.85,deliveries,E4.1,4,0.50,3,False
1,0.85,quiet_corner,E4.1,4,0.75,4,False
1,0.85,wet_gloves,E4b.1,4,1.00,4,True
1,0.86,deliveries,E4.1,4,0.50,3,False
1,0.86,quiet_corner,E4.1,4,0.75,4,False
1,0.86,wet_gloves,E4b.1,4,1.00,4,True
1,0.87,deliveries,E4.1,4,0.50,3,False
1,0.87,quiet_corner,E4.1,4,0.75,4,False
1,0.87,wet_gloves,E4b.1,4,1.00,4,True
1,0.88,deliveries,E4.1,4,0.50,3,False
1,0.88,quiet_corner,E4.1,4,0.75,4,False
1,0.88,wet_gloves,E4b.1,4,1.00,4,True
1,0.89,deliveries,E4.1,4,0.50,3,False
1,0.89,quiet_corner,E4.1,4,0.75,4,False
1,0.89,wet_gloves,E4b.1,4,1.00,4,True
1,0.90,deliveries,E4.1,4,0.50,3,False
1,0.90,quiet_corner,E4.1,4,0.75,4,False
1,0.90,wet_gloves,E4b.1,4,1.00,4,True
1,0.91,deliveries,E4.1,4,0.50,3,False
1,0.91,quiet_corner,E4.1,4,0.75,4,False
1,0.91,wet_gloves,E4b.1,4,1.00,4,True
1,0.92,deliveries,E4.1,4,0.50,3,False
1,0.92,quiet_corner,E4.1,4,0.75,4,False
1,0.92,wet_gloves,E4b.1,4,1.00,4,True
1,0.93,deliveries,E4.1,4,0.50,3,False
1,0.93,quiet_corner,E4.1,4,0.75,4,False
1,0.93,wet_gloves,E4b.1,4,1.00,4,True
1,0.94,deliveries,E4.1,4,0.50,3,False
1,0.94,quiet_corner,E4.1,4,0.75,4,False
1,0.94,wet_gloves,E4b.1,4,1.00,4,True
1,0.95,deliveries,E4.1,4,0.50,3,False
1,0.95,quiet_corner,E4.1,4,0.75,4,False
1,0.95,wet_gloves,E4b.1,4,1.00,4,True
1,0.96,deliveries,E4.1,4,0.50,3,False
1,0.96,quiet_corner,E4.1,4,0.75,4,False
1,0.96,wet_gloves,E4b.1,4,1.00,4,True
1,0.97,deliveries,E4.1,4,0.50,3,False
1,0.97,quiet_corner,E4.1,4,0.75,4,False
1,0.97,wet_gloves,E4b.1,4,1.00,4,True
1,0.98,deliveries,E4.1,4,0.50,3,False
1,0.98,quiet_corner,E4.1,4,0.75,4,False
1,0.98,wet_gloves,E4b.1,4,1.00,4,True
1,0.99,deliveries,E4.1,4,0.50,3,False
1,0.99,quiet_corner,E4.1,4,0.75,4,False
1,0.99,wet_gloves,E4b.1,4,1.00,4,True
1,1.00,deliveries,E4.1,4,0.50,3,False
1,1.00,quiet_corner,E4.1,4,0.75,4,False
1,1.00,wet_gloves,E4b.1,4,1.00,4,True
2,0.00,deliveries,E4.1,4,0.50,3,True
2,0.00,quiet_corner,E4.1,4,0.75,4,True
2,0.00,wet_gloves,E4b.1,4,1.00,4,True
2,0.01,deliveries,E4.1,4,0.50,3,True
2,0.01,quiet_corner,E4.1,4,0.75,4,True
2,0.01,wet_gloves,E4b.1,4,1.00,4,True
2,0.02,deliveries,E4.1,4,0.50,3,True
2,0.02,quiet_corner,E4.1,4,0.75,4,True
2,0.02,wet_gloves,E4b.1,4,1.00,4,True
2,0.03,deliveries,E4.1,4,0.50,3,True
2,0.03,quiet_corner,E4.1,4,0.75,4,True
2,0.03,wet_gloves,E4b.1,4,1.00,4,True
2,0.04,deliveries,E4.1,4,0.50,3,True
2,0.04,quiet_corner,E4.1,4,0.75,4,True
2,0.04,wet_gloves,E4b.1,4,1.00,4,True
2,0.05,deliveries,E4.1,4,0.50,3,True
2,0.05,quiet_corner,E4.1,4,0.75,4,True
2,0.05,wet_gloves,E4b.1,4,1.00,4,True
2,0.06,deliveries,E4.1,4,0.50,3,True
2,0.06,quiet_corner,E4.1,4,0.75,4,True
2,0.06,wet_gloves,E4b.1,4,1.00,4,True
2,0.07,deliveries,E4.1,4,0.50,3,True
2,0.07,quiet_corner,E4.1,4,0.75,4,True
2,0.07,wet_gloves,E4b.1,4,1.00,4,True
2,0.08,deliveries,E4.1,4,0.50,3,True
2,0.08,quiet_corner,E4.1,4,0.75,4,True
2,0.08,wet_gloves,E4b.1,4,1.00,4,True
2,0.09,deliveries,E4.1,4,0.50,3,True
2,0.09,quiet_corner,E4.1,4,0.75,4,True
2,0.09,wet_gloves,E4b.1,4,1.00,4,True
2,0.10,deliveries,E4.1,4,0.50,3,True
2,0.10,quiet_corner,E4.1,4,0.75,4,True
2,0.10,wet_gloves,E4b.1,4,1.00,4,True
2,0.11,deliveries,E4.1,4,0.50,3,True
2,0.11,quiet_corner,E4.1,4,0.75,4,True
2,0.11,wet_gloves,E4b.1,4,1.00,4,True
2,0.12,deliveries,E4.1,4,0.50,3,True
2,0.12,quiet_corner,E4.1,4,0.75,4,True
2,0.12,wet_gloves,E4b.1,4,1.00,4,True
2,0.13,deliveries,E4.1,4,0.50,3,True
2,0.13,quiet_corner,E4.1,4,0.75,4,True
2,0.13,wet_gloves,E4b.1,4,1.00,4,True
2,0.14,deliveries,E4.1,4,0.50,3,True
2,0.14,quiet_corner,E4.1,4,0.75,4,True
2,0.14,wet_gloves,E4b.1,4,1.00,4,True
2,0.15,deliveries,E4.1,4,0.50,3,True
2,0.15,quiet_corner,E4.1,4,0.75,4,True
2,0.15,wet_gloves,E4b.1,4,1.00,4,True
2,0.16,deliveries,E4.1,4,0.50,3,True
2,0.16,quiet_corner,E4.1,4,0.75,4,True
2,0.16,wet_gloves,E4b.1,4,1.00,4,True
2,0.17,deliveries,E4.1,4,0.50,3,True
2,0.17,quiet_corner,E4.1,4,0.75,4,True
2,0.17,wet_gloves,E4b.1,4,1.00,4,True
2,0.18,deliveries,E4.1,4,0.50,3,True
2,0.18,quiet_corner,E4.1,4,0.75,4,True
2,0.18,wet_gloves,E4b.1,4,1.00,4,True
2,0.19,deliveries,E4.1,4,0.50,3,True
2,0.19,quiet_corner,E4.1,4,0.75,4,True
2,0.19,wet_gloves,E4b.1,4,1.00,4,True
2,0.20,deliveries,E4.1,4,0.50,3,True
2,0.20,quiet_corner,E4.1,4,0.75,4,True
2,0.20,wet_gloves,E4b.1,4,1.00,4,True
2,0.21,deliveries,E4.1,4,0.50,3,True
2,0.21,quiet_corner,E4.1,4,0.75,4,True
2,0.21,wet_gloves,E4b.1,4,1.00,4,True
2,0.22,deliveries,E4.1,4,0.50,3,True
2,0.22,quiet_corner,E4.1,4,0.75,4,True
2,0.22,wet_gloves,E4b.1,4,1.00,4,True
2,0.23,deliveries,E4.1,4,0.50,3,True
2,0.23,quiet_corner,E4.1,4,0.75,4,True
2,0.23,wet_gloves,E4b.1,4,1.00,4,True
2,0.24,deliveries,E4.1,4,0.50,3,True
2,0.24,quiet_corner,E4.1,4,0.75,4,True
2,0.24,wet_gloves,E4b.1,4,1.00,4,True
2,0.25,deliveries,E4.1,4,0.50,3,True
2,0.25,quiet_corner,E4.1,4,0.75,4,True
2,0.25,wet_gloves,E4b.1,4,1.00,4,True
2,0.26,deliveries,E4.1,4,0.50,3,True
2,0.26,quiet_corner,E4.1,4,0.75,4,True
2,0.26,wet_gloves,E4b.1,4,1.00,4,True
2,0.27,deliveries,E4.1,4,0.50,3,True
2,0.27,quiet_corner,E4.1,4,0.75,4,True
2,0.27,wet_gloves,E4b.1,4,1.00,4,True
2,0.28,deliveries,E4.1,4,0.50,3,True
2,0.28,quiet_corner,E4.1,4,0.75,4,True
2,0.28,wet_gloves,E4b.1,4,1.00,4,True
2,0.29,deliveries,E4.1,4,0.50,3,True
2,0.29,quiet_corner,E4.1,4,0.75,4,True
2,0.29,wet_gloves,E4b.1,4,1.00,4,True
2,0.30,deliveries,E4.1,4,0.50,3,True
2,0.30,quiet_corner,E4.1,4,0.75,4,True
2,0.30,wet_gloves,E4b.1,4,1.00,4,True
2,0.31,deliveries,E4.1,4,0.50,3,True
2,0.31,quiet_corner,E4.1,4,0.75,4,True
2,0.31,wet_gloves,E4b.1,4,1.00,4,True
2,0.32,deliveries,E4.1,4,0.50,3,True
2,0.32,quiet_corner,E4.1,4,0.75,4,True
2,0.32,wet_gloves,E4b.1,4,1.00,4,True
2,0.33,deliveries,E4.1,4,0.50,3,True
2,0.33,quiet_corner,E4.1,4,0.75,4,True
2,0.33,wet_gloves,E4b.1,4,1.00,4,True
2,0.34,deliveries,E4.1,4,0.50,3,True
2,0.34,quiet_corner,E4.1,4,0.75,4,True
2,0.34,wet_gloves,E4b.1,4,1.00,4,True
2,0.35,deliveries,E4.1,4,0.50,3,True
2,0.35,quiet_corner,E4.1,4,0.75,4,True
2,0.35,wet_gloves,E4b.1,4,1.00,4,True
2,0.36,deliveries,E4.1,4,0.50,3,True
2,0.36,quiet_corner,E4.1,4,0.75,4,True
2,0.36,wet_gloves,E4b.1,4,1.00,4,True
2,0.37,deliveries,E4.1,4,0.50,3,True
2,0.37,quiet_corner,E4.1,4,0.75,4,True
2,0.37,wet_gloves,E4b.1,4,1.00,4,True
2,0.38,deliveries,E4.1,4,0.50,3,True
2,0.38,quiet_corner,E4.1,4,0.75,4,True
2,0.38,wet_gloves,E4b.1,4,1.00,4,True
2,0.39,deliveries,E4.1,4,0.50,3,True
2,0.39,quiet_corner,E4.1,4,0.75,4,True
2,0.39,wet_gloves,E4b.1,4,1.00,4,True
2,0.40,deliveries,E4.1,4,0.50,3,True
2,0.40,quiet_corner,E4.1,4,0.75,4,True
2,0.40,wet_gloves,E4b.1,4,1.00,4,True
2,0.41,deliveries,E4.1,4,0.50,3,True
2,0.41,quiet_corner,E4.1,4,0.75,4,True
2,0.41,wet_gloves,E4b.1,4,1.00,4,True
2,0.42,deliveries,E4.1,4,0.50,3,True
2,0.42,quiet_corner,E4.1,4,0.75,4,True
2,0.42,wet_gloves,E4b.1,4,1.00,4,True
2,0.43,deliveries,E4.1,4,0.50,3,True
2,0.43,quiet_corner,E4.1,4,0.75,4,True
2,0.43,wet_gloves,E4b.1,4,1.00,4,True
2,0.44,deliveries,E4.1,4,0.50,3,True
2,0.44,quiet_corner,E4.1,4,0.75,4,True
2,0.44,wet_gloves,E4b.1,4,1.00,4,True
2,0.45,deliveries,E4.1,4,0.50,3,True
2,0.45,quiet_corner,E4.1,4,0.75,4,True
2,0.45,wet_gloves,E4b.1,4,1.00,4,True
2,0.46,deliveries,E4.1,4,0.50,3,True
2,0.46,quiet_corner,E4.1,4,0.75,4,True
2,0.46,wet_gloves,E4b.1,4,1.00,4,True
2,0.47,deliveries,E4.1,4,0.50,3,True
2,0.47,quiet_corner,E4.1,4,0.75,4,True
2,0.47,wet_gloves,E4b.1,4,1.00,4,True
2,0.48,deliveries,E4.1,4,0.50,3,True
2,0.48,quiet_corner,E4.1,4,0.75,4,True
2,0.48,wet_gloves,E4b.1,4,1.00,4,True
2,0.49,deliveries,E4.1,4,0.50,3,True
2,0.49,quiet_corner,E4.1,4,0.75,4,True
2,0.49,wet_gloves,E4b.1,4,1.00,4,True
2,0.50,deliveries,E4.1,4,0.50,3,True
2,0.50,quiet_corner,E4.1,4,0.75,4,True
2,0.50,wet_gloves,E4b.1,4,1.00,4,True
2,0.51,deliveries,E4.1,4,0.50,3,False
2,0.51,quiet_corner,E4.1,4,0.75,4,True
2,0.51,wet_gloves,E4b.1,4,1.00,4,True
2,0.52,deliveries,E4.1,4,0.50,3,False
2,0.52,quiet_corner,E4.1,4,0.75,4,True
2,0.52,wet_gloves,E4b.1,4,1.00,4,True
2,0.53,deliveries,E4.1,4,0.50,3,False
2,0.53,quiet_corner,E4.1,4,0.75,4,True
2,0.53,wet_gloves,E4b.1,4,1.00,4,True
2,0.54,deliveries,E4.1,4,0.50,3,False
2,0.54,quiet_corner,E4.1,4,0.75,4,True
2,0.54,wet_gloves,E4b.1,4,1.00,4,True
2,0.55,deliveries,E4.1,4,0.50,3,False
2,0.55,quiet_corner,E4.1,4,0.75,4,True
2,0.55,wet_gloves,E4b.1,4,1.00,4,True
2,0.56,deliveries,E4.1,4,0.50,3,False
2,0.56,quiet_corner,E4.1,4,0.75,4,True
2,0.56,wet_gloves,E4b.1,4,1.00,4,True
2,0.57,deliveries,E4.1,4,0.50,3,False
2,0.57,quiet_corner,E4.1,4,0.75,4,True
2,0.57,wet_gloves,E4b.1,4,1.00,4,True
2,0.58,deliveries,E4.1,4,0.50,3,False
2,0.58,quiet_corner,E4.1,4,0.75,4,True
2,0.58,wet_gloves,E4b.1,4,1.00,4,True
2,0.59,deliveries,E4.1,4,0.50,3,False
2,0.59,quiet_corner,E4.1,4,0.75,4,True
2,0.59,wet_gloves,E4b.1,4,1.00,4,True
2,0.60,deliveries,E4.1,4,0.50,3,False
2,0.60,quiet_corner,E4.1,4,0.75,4,True
2,0.60,wet_gloves,E4b.1,4,1.00,4,True
2,0.61,deliveries,E4.1,4,0.50,3,False
2,0.61,quiet_corner,E4.1,4,0.75,4,True
2,0.61,wet_gloves,E4b.1,4,1.00,4,True
2,0.62,deliveries,E4.1,4,0.50,3,False
2,0.62,quiet_corner,E4.1,4,0.75,4,True
2,0.62,wet_gloves,E4b.1,4,1.00,4,True
2,0.63,deliveries,E4.1,4,0.50,3,False
2,0.63,quiet_corner,E4.1,4,0.75,4,True
2,0.63,wet_gloves,E4b.1,4,1.00,4,True
2,0.64,deliveries,E4.1,4,0.50,3,False
2,0.64,quiet_corner,E4.1,4,0.75,4,True
2,0.64,wet_gloves,E4b.1,4,1.00,4,True
2,0.65,deliveries,E4.1,4,0.50,3,False
2,0.65,quiet_corner,E4.1,4,0.75,4,True
2,0.65,wet_gloves,E4b.1,4,1.00,4,True
2,0.66,deliveries,E4.1,4,0.50,3,False
2,0.66,quiet_corner,E4.1,4,0.75,4,True
2,0.66,wet_gloves,E4b.1,4,1.00,4,True
2,0.67,deliveries,E4.1,4,0.50,3,False
2,0.67,quiet_corner,E4.1,4,0.75,4,True
2,0.67,wet_gloves,E4b.1,4,1.00,4,True
2,0.68,deliveries,E4.1,4,0.50,3,False
2,0.68,quiet_corner,E4.1,4,0.75,4,True
2,0.68,wet_gloves,E4b.1,4,1.00,4,True
2,0.69,deliveries,E4.1,4,0.50,3,False
2,0.69,quiet_corner,E4.1,4,0.75,4,True
2,0.69,wet_gloves,E4b.1,4,1.00,4,True
2,0.70,deliveries,E4.1,4,0.50,3,False
2,0.70,quiet_corner,E4.1,4,0.75,4,True
2,0.70,wet_gloves,E4b.1,4,1.00,4,True
2,0.71,deliveries,E4.1,4,0.50,3,False
2,0.71,quiet_corner,E4.1,4,0.75,4,True
2,0.71,wet_gloves,E4b.1,4,1.00,4,True
2,0.72,deliveries,E4.1,4,0.50,3,False
2,0.72,quiet_corner,E4.1,4,0.75,4,True
2,0.72,wet_gloves,E4b.1,4,1.00,4,True
2,0.73,deliveries,E4.1,4,0.50,3,False
2,0.73,quiet_corner,E4.1,4,0.75,4,True
2,0.73,wet_gloves,E4b.1,4,1.00,4,True
2,0.74,deliveries,E4.1,4,0.50,3,False
2,0.74,quiet_corner,E4.1,4,0.75,4,True
2,0.74,wet_gloves,E4b.1,4,1.00,4,True
2,0.75,deliveries,E4.1,4,0.50,3,False
2,0.75,quiet_corner,E4.1,4,0.75,4,True
2,0.75,wet_gloves,E4b.1,4,1.00,4,True
2,0.76,deliveries,E4.1,4,0.50,3,False
2,0.76,quiet_corner,E4.1,4,0.75,4,False
2,0.76,wet_gloves,E4b.1,4,1.00,4,True
2,0.77,deliveries,E4.1,4,0.50,3,False
2,0.77,quiet_corner,E4.1,4,0.75,4,False
2,0.77,wet_gloves,E4b.1,4,1.00,4,True
2,0.78,deliveries,E4.1,4,0.50,3,False
2,0.78,quiet_corner,E4.1,4,0.75,4,False
2,0.78,wet_gloves,E4b.1,4,1.00,4,True
2,0.79,deliveries,E4.1,4,0.50,3,False
2,0.79,quiet_corner,E4.1,4,0.75,4,False
2,0.79,wet_gloves,E4b.1,4,1.00,4,True
2,0.80,deliveries,E4.1,4,0.50,3,False
2,0.80,quiet_corner,E4.1,4,0.75,4,False
2,0.80,wet_gloves,E4b.1,4,1.00,4,True
2,0.81,deliveries,E4.1,4,0.50,3,False
2,0.81,quiet_corner,E4.1,4,0.75,4,False
2,0.81,wet_gloves,E4b.1,4,1.00,4,True
2,0.82,deliveries,E4.1,4,0.50,3,False
2,0.82,quiet_corner,E4.1,4,0.75,4,False
2,0.82,wet_gloves,E4b.1,4,1.00,4,True
2,0.83,deliveries,E4.1,4,0.50,3,False
2,0.83,quiet_corner,E4.1,4,0.75,4,False
2,0.83,wet_gloves,E4b.1,4,1.00,4,True
2,0.84,deliveries,E4.1,4,0.50,3,False
2,0.84,quiet_corner,E4.1,4,0.75,4,False
2,0.84,wet_gloves,E4b.1,4,1.00,4,True
2,0.85,deliveries,E4.1,4,0.50,3,False
2,0.85,quiet_corner,E4.1,4,0.75,4,False
2,0.85,wet_gloves,E4b.1,4,1.00,4,True
2,0.86,deliveries,E4.1,4,0.50,3,False
2,0.86,quiet_corner,E4.1,4,0.75,4,False
2,0.86,wet_gloves,E4b.1,4,1.00,4,True
2,0.87,deliveries,E4.1,4,0.50,3,False
2,0.87,quiet_corner,E4.1,4,0.75,4,False
2,0.87,wet_gloves,E4b.1,4,1.00,4,True
2,0.88,deliveries,E4.1,4,0.50,3,False
2,0.88,quiet_corner,E4.1,4,0.75,4,False
2,0.88,wet_gloves,E4b.1,4,1.00,4,True
2,0.89,deliveries,E4.1,4,0.50,3,False
2,0.89,quiet_corner,E4.1,4,0.75,4,False
2,0.89,wet_gloves,E4b.1,4,1.00,4,True
2,0.90,deliveries,E4.1,4,0.50,3,False
2,0.90,quiet_corner,E4.1,4,0.75,4,False
2,0.90,wet_gloves,E4b.1,4,1.00,4,True
2,0.91,deliveries,E4.1,4,0.50,3,False
2,0.91,quiet_corner,E4.1,4,0.75,4,False
2,0.91,wet_gloves,E4b.1,4,1.00,4,True
2,0.92,deliveries,E4.1,4,0.50,3,False
2,0.92,quiet_corner,E4.1,4,0.75,4,False
2,0.92,wet_gloves,E4b.1,4,1.00,4,True
2,0.93,deliveries,E4.1,4,0.50,3,False
2,0.93,quiet_corner,E4.1,4,0.75,4,False
2,0.93,wet_gloves,E4b.1,4,1.00,4,True
2,0.94,deliveries,E4.1,4,0.50,3,False
2,0.94,quiet_corner,E4.1,4,0.75,4,False
2,0.94,wet_gloves,E4b.1,4,1.00,4,True
2,0.95,deliveries,E4.1,4,0.50,3,False
2,0.95,quiet_corner,E4.1,4,0.75,4,False
2,0.95,wet_gloves,E4b.1,4,1.00,4,True
2,0.96,deliveries,E4.1,4,0.50,3,False
2,0.96,quiet_corner,E4.1,4,0.75,4,False
2,0.96,wet_gloves,E4b.1,4,1.00,4,True
2,0.97,deliveries,E4.1,4,0.50,3,False
2,0.97,quiet_corner,E4.1,4,0.75,4,False
2,0.97,wet_gloves,E4b.1,4,1.00,4,True
2,0.98,deliveries,E4.1,4,0.50,3,False
2,0.98,quiet_corner,E4.1,4,0.75,4,False
2,0.98,wet_gloves,E4b.1,4,1.00,4,True
2,0.99,deliveries,E4.1,4,0.50,3,False
2,0.99,quiet_corner,E4.1,4,0.75,4,False
2,0.99,wet_gloves,E4b.1,4,1.00,4,True
2,1.00,deliveries,E4.1,4,0.50,3,False
2,1.00,quiet_corner,E4.1,4,0.75,4,False
2,1.00,wet_gloves,E4b.1,4,1.00,4,True
3,0.00,deliveries,E4.1,4,0.50,3,True
3,0.00,quiet_corner,E4.1,4,0.75,4,True
3,0.00,wet_gloves,E4b.1,4,1.00,4,True
3,0.01,deliveries,E4.1,4,0.50,3,True
3,0.01,quiet_corner,E4.1,4,0.75,4,True
3,0.01,wet_gloves,E4b.1,4,1.00,4,True
3,0.02,deliveries,E4.1,4,0.50,3,True
3,0.02,quiet_corner,E4.1,4,0.75,4,True
3,0.02,wet_gloves,E4b.1,4,1.00,4,True
3,0.03,deliveries,E4.1,4,0.50,3,True
3,0.03,quiet_corner,E4.1,4,0.75,4,True
3,0.03,wet_gloves,E4b.1,4,1.00,4,True
3,0.04,deliveries,E4.1,4,0.50,3,True
3,0.04,quiet_corner,E4.1,4,0.75,4,True
3,0.04,wet_gloves,E4b.1,4,1.00,4,True
3,0.05,deliveries,E4.1,4,0.50,3,True
3,0.05,quiet_corner,E4.1,4,0.75,4,True
3,0.05,wet_gloves,E4b.1,4,1.00,4,True
3,0.06,deliveries,E4.1,4,0.50,3,True
3,0.06,quiet_corner,E4.1,4,0.75,4,True
3,0.06,wet_gloves,E4b.1,4,1.00,4,True
3,0.07,deliveries,E4.1,4,0.50,3,True
3,0.07,quiet_corner,E4.1,4,0.75,4,True
3,0.07,wet_gloves,E4b.1,4,1.00,4,True
3,0.08,deliveries,E4.1,4,0.50,3,True
3,0.08,quiet_corner,E4.1,4,0.75,4,True
3,0.08,wet_gloves,E4b.1,4,1.00,4,True
3,0.09,deliveries,E4.1,4,0.50,3,True
3,0.09,quiet_corner,E4.1,4,0.75,4,True
3,0.09,wet_gloves,E4b.1,4,1.00,4,True
3,0.10,deliveries,E4.1,4,0.50,3,True
3,0.10,quiet_corner,E4.1,4,0.75,4,True
3,0.10,wet_gloves,E4b.1,4,1.00,4,True
3,0.11,deliveries,E4.1,4,0.50,3,True
3,0.11,quiet_corner,E4.1,4,0.75,4,True
3,0.11,wet_gloves,E4b.1,4,1.00,4,True
3,0.12,deliveries,E4.1,4,0.50,3,True
3,0.12,quiet_corner,E4.1,4,0.75,4,True
3,0.12,wet_gloves,E4b.1,4,1.00,4,True
3,0.13,deliveries,E4.1,4,0.50,3,True
3,0.13,quiet_corner,E4.1,4,0.75,4,True
3,0.13,wet_gloves,E4b.1,4,1.00,4,True
3,0.14,deliveries,E4.1,4,0.50,3,True
3,0.14,quiet_corner,E4.1,4,0.75,4,True
3,0.14,wet_gloves,E4b.1,4,1.00,4,True
3,0.15,deliveries,E4.1,4,0.50,3,True
3,0.15,quiet_corner,E4.1,4,0.75,4,True
3,0.15,wet_gloves,E4b.1,4,1.00,4,True
3,0.16,deliveries,E4.1,4,0.50,3,True
3,0.16,quiet_corner,E4.1,4,0.75,4,True
3,0.16,wet_gloves,E4b.1,4,1.00,4,True
3,0.17,deliveries,E4.1,4,0.50,3,True
3,0.17,quiet_corner,E4.1,4,0.75,4,True
3,0.17,wet_gloves,E4b.1,4,1.00,4,True
3,0.18,deliveries,E4.1,4,0.50,3,True
3,0.18,quiet_corner,E4.1,4,0.75,4,True
3,0.18,wet_gloves,E4b.1,4,1.00,4,True
3,0.19,deliveries,E4.1,4,0.50,3,True
3,0.19,quiet_corner,E4.1,4,0.75,4,True
3,0.19,wet_gloves,E4b.1,4,1.00,4,True
3,0.20,deliveries,E4.1,4,0.50,3,True
3,0.20,quiet_corner,E4.1,4,0.75,4,True
3,0.20,wet_gloves,E4b.1,4,1.00,4,True
3,0.21,deliveries,E4.1,4,0.50,3,True
3,0.21,quiet_corner,E4.1,4,0.75,4,True
3,0.21,wet_gloves,E4b.1,4,1.00,4,True
3,0.22,deliveries,E4.1,4,0.50,3,True
3,0.22,quiet_corner,E4.1,4,0.75,4,True
3,0.22,wet_gloves,E4b.1,4,1.00,4,True
3,0.23,deliveries,E4.1,4,0.50,3,True
3,0.23,quiet_corner,E4.1,4,0.75,4,True
3,0.23,wet_gloves,E4b.1,4,1.00,4,True
3,0.24,deliveries,E4.1,4,0.50,3,True
3,0.24,quiet_corner,E4.1,4,0.75,4,True
3,0.24,wet_gloves,E4b.1,4,1.00,4,True
3,0.25,deliveries,E4.1,4,0.50,3,True
3,0.25,quiet_corner,E4.1,4,0.75,4,True
3,0.25,wet_gloves,E4b.1,4,1.00,4,True
3,0.26,deliveries,E4.1,4,0.50,3,True
3,0.26,quiet_corner,E4.1,4,0.75,4,True
3,0.26,wet_gloves,E4b.1,4,1.00,4,True
3,0.27,deliveries,E4.1,4,0.50,3,True
3,0.27,quiet_corner,E4.1,4,0.75,4,True
3,0.27,wet_gloves,E4b.1,4,1.00,4,True
3,0.28,deliveries,E4.1,4,0.50,3,True
3,0.28,quiet_corner,E4.1,4,0.75,4,True
3,0.28,wet_gloves,E4b.1,4,1.00,4,True
3,0.29,deliveries,E4.1,4,0.50,3,True
3,0.29,quiet_corner,E4.1,4,0.75,4,True
3,0.29,wet_gloves,E4b.1,4,1.00,4,True
3,0.30,deliveries,E4.1,4,0.50,3,True
3,0.30,quiet_corner,E4.1,4,0.75,4,True
3,0.30,wet_gloves,E4b.1,4,1.00,4,True
3,0.31,deliveries,E4.1,4,0.50,3,True
3,0.31,quiet_corner,E4.1,4,0.75,4,True
3,0.31,wet_gloves,E4b.1,4,1.00,4,True
3,0.32,deliveries,E4.1,4,0.50,3,True
3,0.32,quiet_corner,E4.1,4,0.75,4,True
3,0.32,wet_gloves,E4b.1,4,1.00,4,True
3,0.33,deliveries,E4.1,4,0.50,3,True
3,0.33,quiet_corner,E4.1,4,0.75,4,True
3,0.33,wet_gloves,E4b.1,4,1.00,4,True
3,0.34,deliveries,E4.1,4,0.50,3,True
3,0.34,quiet_corner,E4.1,4,0.75,4,True
3,0.34,wet_gloves,E4b.1,4,1.00,4,True
3,0.35,deliveries,E4.1,4,0.50,3,True
3,0.35,quiet_corner,E4.1,4,0.75,4,True
3,0.35,wet_gloves,E4b.1,4,1.00,4,True
3,0.36,deliveries,E4.1,4,0.50,3,True
3,0.36,quiet_corner,E4.1,4,0.75,4,True
3,0.36,wet_gloves,E4b.1,4,1.00,4,True
3,0.37,deliveries,E4.1,4,0.50,3,True
3,0.37,quiet_corner,E4.1,4,0.75,4,True
3,0.37,wet_gloves,E4b.1,4,1.00,4,True
3,0.38,deliveries,E4.1,4,0.50,3,True
3,0.38,quiet_corner,E4.1,4,0.75,4,True
3,0.38,wet_gloves,E4b.1,4,1.00,4,True
3,0.39,deliveries,E4.1,4,0.50,3,True
3,0.39,quiet_corner,E4.1,4,0.75,4,True
3,0.39,wet_gloves,E4b.1,4,1.00,4,True
3,0.40,deliveries,E4.1,4,0.50,3,True
3,0.40,quiet_corner,E4.1,4,0.75,4,True
3,0.40,wet_gloves,E4b.1,4,1.00,4,True
3,0.41,deliveries,E4.1,4,0.50,3,True
3,0.41,quiet_corner,E4.1,4,0.75,4,True
3,0.41,wet_gloves,E4b.1,4,1.00,4,True
3,0.42,deliveries,E4.1,4,0.50,3,True
3,0.42,quiet_corner,E4.1,4,0.75,4,True
3,0.42,wet_gloves,E4b.1,4,1.00,4,True
3,0.43,deliveries,E4.1,4,0.50,3,True
3,0.43,quiet_corner,E4.1,4,0.75,4,True
3,0.43,wet_gloves,E4b.1,4,1.00,4,True
3,0.44,deliveries,E4.1,4,0.50,3,True
3,0.44,quiet_corner,E4.1,4,0.75,4,True
3,0.44,wet_gloves,E4b.1,4,1.00,4,True
3,0.45,deliveries,E4.1,4,0.50,3,True
3,0.45,quiet_corner,E4.1,4,0.75,4,True
3,0.45,wet_gloves,E4b.1,4,1.00,4,True
3,0.46,deliveries,E4.1,4,0.50,3,True
3,0.46,quiet_corner,E4.1,4,0.75,4,True
3,0.46,wet_gloves,E4b.1,4,1.00,4,True
3,0.47,deliveries,E4.1,4,0.50,3,True
3,0.47,quiet_corner,E4.1,4,0.75,4,True
3,0.47,wet_gloves,E4b.1,4,1.00,4,True
3,0.48,deliveries,E4.1,4,0.50,3,True
3,0.48,quiet_corner,E4.1,4,0.75,4,True
3,0.48,wet_gloves,E4b.1,4,1.00,4,True
3,0.49,deliveries,E4.1,4,0.50,3,True
3,0.49,quiet_corner,E4.1,4,0.75,4,True
3,0.49,wet_gloves,E4b.1,4,1.00,4,True
3,0.50,deliveries,E4.1,4,0.50,3,True
3,0.50,quiet_corner,E4.1,4,0.75,4,True
3,0.50,wet_gloves,E4b.1,4,1.00,4,True
3,0.51,deliveries,E4.1,4,0.50,3,False
3,0.51,quiet_corner,E4.1,4,0.75,4,True
3,0.51,wet_gloves,E4b.1,4,1.00,4,True
3,0.52,deliveries,E4.1,4,0.50,3,False
3,0.52,quiet_corner,E4.1,4,0.75,4,True
3,0.52,wet_gloves,E4b.1,4,1.00,4,True
3,0.53,deliveries,E4.1,4,0.50,3,False
3,0.53,quiet_corner,E4.1,4,0.75,4,True
3,0.53,wet_gloves,E4b.1,4,1.00,4,True
3,0.54,deliveries,E4.1,4,0.50,3,False
3,0.54,quiet_corner,E4.1,4,0.75,4,True
3,0.54,wet_gloves,E4b.1,4,1.00,4,True
3,0.55,deliveries,E4.1,4,0.50,3,False
3,0.55,quiet_corner,E4.1,4,0.75,4,True
3,0.55,wet_gloves,E4b.1,4,1.00,4,True
3,0.56,deliveries,E4.1,4,0.50,3,False
3,0.56,quiet_corner,E4.1,4,0.75,4,True
3,0.56,wet_gloves,E4b.1,4,1.00,4,True
3,0.57,deliveries,E4.1,4,0.50,3,False
3,0.57,quiet_corner,E4.1,4,0.75,4,True
3,0.57,wet_gloves,E4b.1,4,1.00,4,True
3,0.58,deliveries,E4.1,4,0.50,3,False
3,0.58,quiet_corner,E4.1,4,0.75,4,True
3,0.58,wet_gloves,E4b.1,4,1.00,4,True
3,0.59,deliveries,E4.1,4,0.50,3,False
3,0.59,quiet_corner,E4.1,4,0.75,4,True
3,0.59,wet_gloves,E4b.1,4,1.00,4,True
3,0.60,deliveries,E4.1,4,0.50,3,False
3,0.60,quiet_corner,E4.1,4,0.75,4,True
3,0.60,wet_gloves,E4b.1,4,1.00,4,True
3,0.61,deliveries,E4.1,4,0.50,3,False
3,0.61,quiet_corner,E4.1,4,0.75,4,True
3,0.61,wet_gloves,E4b.1,4,1.00,4,True
3,0.62,deliveries,E4.1,4,0.50,3,False
3,0.62,quiet_corner,E4.1,4,0.75,4,True
3,0.62,wet_gloves,E4b.1,4,1.00,4,True
3,0.63,deliveries,E4.1,4,0.50,3,False
3,0.63,quiet_corner,E4.1,4,0.75,4,True
3,0.63,wet_gloves,E4b.1,4,1.00,4,True
3,0.64,deliveries,E4.1,4,0.50,3,False
3,0.64,quiet_corner,E4.1,4,0.75,4,True
3,0.64,wet_gloves,E4b.1,4,1.00,4,True
3,0.65,deliveries,E4.1,4,0.50,3,False
3,0.65,quiet_corner,E4.1,4,0.75,4,True
3,0.65,wet_gloves,E4b.1,4,1.00,4,True
3,0.66,deliveries,E4.1,4,0.50,3,False
3,0.66,quiet_corner,E4.1,4,0.75,4,True
3,0.66,wet_gloves,E4b.1,4,1.00,4,True
3,0.67,deliveries,E4.1,4,0.50,3,False
3,0.67,quiet_corner,E4.1,4,0.75,4,True
3,0.67,wet_gloves,E4b.1,4,1.00,4,True
3,0.68,deliveries,E4.1,4,0.50,3,False
3,0.68,quiet_corner,E4.1,4,0.75,4,True
3,0.68,wet_gloves,E4b.1,4,1.00,4,True
3,0.69,deliveries,E4.1,4,0.50,3,False
3,0.69,quiet_corner,E4.1,4,0.75,4,True
3,0.69,wet_gloves,E4b.1,4,1.00,4,True
3,0.70,deliveries,E4.1,4,0.50,3,False
3,0.70,quiet_corner,E4.1,4,0.75,4,True
3,0.70,wet_gloves,E4b.1,4,1.00,4,True
3,0.71,deliveries,E4.1,4,0.50,3,False
3,0.71,quiet_corner,E4.1,4,0.75,4,True
3,0.71,wet_gloves,E4b.1,4,1.00,4,True
3,0.72,deliveries,E4.1,4,0.50,3,False
3,0.72,quiet_corner,E4.1,4,0.75,4,True
3,0.72,wet_gloves,E4b.1,4,1.00,4,True
3,0.73,deliveries,E4.1,4,0.50,3,False
3,0.73,quiet_corner,E4.1,4,0.75,4,True
3,0.73,wet_gloves,E4b.1,4,1.00,4,True
3,0.74,deliveries,E4.1,4,0.50,3,False
3,0.74,quiet_corner,E4.1,4,0.75,4,True
3,0.74,wet_gloves,E4b.1,4,1.00,4,True
3,0.75,deliveries,E4.1,4,0.50,3,False
3,0.75,quiet_corner,E4.1,4,0.75,4,True
3,0.75,wet_gloves,E4b.1,4,1.00,4,True
3,0.76,deliveries,E4.1,4,0.50,3,False
3,0.76,quiet_corner,E4.1,4,0.75,4,False
3,0.76,wet_gloves,E4b.1,4,1.00,4,True
3,0.77,deliveries,E4.1,4,0.50,3,False
3,0.77,quiet_corner,E4.1,4,0.75,4,False
3,0.77,wet_gloves,E4b.1,4,1.00,4,True
3,0.78,deliveries,E4.1,4,0.50,3,False
3,0.78,quiet_corner,E4.1,4,0.75,4,False
3,0.78,wet_gloves,E4b.1,4,1.00,4,True
3,0.79,deliveries,E4.1,4,0.50,3,False
3,0.79,quiet_corner,E4.1,4,0.75,4,False
3,0.79,wet_gloves,E4b.1,4,1.00,4,True
3,0.80,deliveries,E4.1,4,0.50,3,False
3,0.80,quiet_corner,E4.1,4,0.75,4,False
3,0.80,wet_gloves,E4b.1,4,1.00,4,True
3,0.81,deliveries,E4.1,4,0.50,3,False
3,0.81,quiet_corner,E4.1,4,0.75,4,False
3,0.81,wet_gloves,E4b.1,4,1.00,4,True
3,0.82,deliveries,E4.1,4,0.50,3,False
3,0.82,quiet_corner,E4.1,4,0.75,4,False
3,0.82,wet_gloves,E4b.1,4,1.00,4,True
3,0.83,deliveries,E4.1,4,0.50,3,False
3,0.83,quiet_corner,E4.1,4,0.75,4,False
3,0.83,wet_gloves,E4b.1,4,1.00,4,True
3,0.84,deliveries,E4.1,4,0.50,3,False
3,0.84,quiet_corner,E4.1,4,0.75,4,False
3,0.84,wet_gloves,E4b.1,4,1.00,4,True
3,0.85,deliveries,E4.1,4,0.50,3,False
3,0.85,quiet_corner,E4.1,4,0.75,4,False
3,0.85,wet_gloves,E4b.1,4,1.00,4,True
3,0.86,deliveries,E4.1,4,0.50,3,False
3,0.86,quiet_corner,E4.1,4,0.75,4,False
3,0.86,wet_gloves,E4b.1,4,1.00,4,True
3,0.87,deliveries,E4.1,4,0.50,3,False
3,0.87,quiet_corner,E4.1,4,0.75,4,False
3,0.87,wet_gloves,E4b.1,4,1.00,4,True
3,0.88,deliveries,E4.1,4,0.50,3,False
3,0.88,quiet_corner,E4.1,4,0.75,4,False
3,0.88,wet_gloves,E4b.1,4,1.00,4,True
3,0.89,deliveries,E4.1,4,0.50,3,False
3,0.89,quiet_corner,E4.1,4,0.75,4,False
3,0.89,wet_gloves,E4b.1,4,1.00,4,True
3,0.90,deliveries,E4.1,4,0.50,3,False
3,0.90,quiet_corner,E4.1,4,0.75,4,False
3,0.90,wet_gloves,E4b.1,4,1.00,4,True
3,0.91,deliveries,E4.1,4,0.50,3,False
3,0.91,quiet_corner,E4.1,4,0.75,4,False
3,0.91,wet_gloves,E4b.1,4,1.00,4,True
3,0.92,deliveries,E4.1,4,0.50,3,False
3,0.92,quiet_corner,E4.1,4,0.75,4,False
3,0.92,wet_gloves,E4b.1,4,1.00,4,True
3,0.93,deliveries,E4.1,4,0.50,3,False
3,0.93,quiet_corner,E4.1,4,0.75,4,False
3,0.93,wet_gloves,E4b.1,4,1.00,4,True
3,0.94,deliveries,E4.1,4,0.50,3,False
3,0.94,quiet_corner,E4.1,4,0.75,4,False
3,0.94,wet_gloves,E4b.1,4,1.00,4,True
3,0.95,deliveries,E4.1,4,0.50,3,False
3,0.95,quiet_corner,E4.1,4,0.75,4,False
3,0.95,wet_gloves,E4b.1,4,1.00,4,True
3,0.96,deliveries,E4.1,4,0.50,3,False
3,0.96,quiet_corner,E4.1,4,0.75,4,False
3,0.96,wet_gloves,E4b.1,4,1.00,4,True
3,0.97,deliveries,E4.1,4,0.50,3,False
3,0.97,quiet_corner,E4.1,4,0.75,4,False
3,0.97,wet_gloves,E4b.1,4,1.00,4,True
3,0.98,deliveries,E4.1,4,0.50,3,False
3,0.98,quiet_corner,E4.1,4,0.75,4,False
3,0.98,wet_gloves,E4b.1,4,1.00,4,True
3,0.99,deliveries,E4.1,4,0.50,3,False
3,0.99,quiet_corner,E4.1,4,0.75,4,False
3,0.99,wet_gloves,E4b.1,4,1.00,4,True
3,1.00,deliveries,E4.1,4,0.50,3,False
3,1.00,quiet_corner,E4.1,4,0.75,4,False
3,1.00,wet_gloves,E4b.1,4,1.00,4,True
4,0.00,deliveries,E4.1,4,0.50,3,True
4,0.00,quiet_corner,E4.1,4,0.75,4,True
4,0.00,wet_gloves,E4b.1,4,1.00,4,True
4,0.01,deliveries,E4.1,4,0.50,3,True
4,0.01,quiet_corner,E4.1,4,0.75,4,True
4,0.01,wet_gloves,E4b.1,4,1.00,4,True
4,0.02,deliveries,E4.1,4,0.50,3,True
4,0.02,quiet_corner,E4.1,4,0.75,4,True
4,0.02,wet_gloves,E4b.1,4,1.00,4,True
4,0.03,deliveries,E4.1,4,0.50,3,True
4,0.03,quiet_corner,E4.1,4,0.75,4,True
4,0.03,wet_gloves,E4b.1,4,1.00,4,True
4,0.04,deliveries,E4.1,4,0.50,3,True
4,0.04,quiet_corner,E4.1,4,0.75,4,True
4,0.04,wet_gloves,E4b.1,4,1.00,4,True
4,0.05,deliveries,E4.1,4,0.50,3,True
4,0.05,quiet_corner,E4.1,4,0.75,4,True
4,0.05,wet_gloves,E4b.1,4,1.00,4,True
4,0.06,deliveries,E4.1,4,0.50,3,True
4,0.06,quiet_corner,E4.1,4,0.75,4,True
4,0.06,wet_gloves,E4b.1,4,1.00,4,True
4,0.07,deliveries,E4.1,4,0.50,3,True
4,0.07,quiet_corner,E4.1,4,0.75,4,True
4,0.07,wet_gloves,E4b.1,4,1.00,4,True
4,0.08,deliveries,E4.1,4,0.50,3,True
4,0.08,quiet_corner,E4.1,4,0.75,4,True
4,0.08,wet_gloves,E4b.1,4,1.00,4,True
4,0.09,deliveries,E4.1,4,0.50,3,True
4,0.09,quiet_corner,E4.1,4,0.75,4,True
4,0.09,wet_gloves,E4b.1,4,1.00,4,True
4,0.10,deliveries,E4.1,4,0.50,3,True
4,0.10,quiet_corner,E4.1,4,0.75,4,True
4,0.10,wet_gloves,E4b.1,4,1.00,4,True
4,0.11,deliveries,E4.1,4,0.50,3,True
4,0.11,quiet_corner,E4.1,4,0.75,4,True
4,0.11,wet_gloves,E4b.1,4,1.00,4,True
4,0.12,deliveries,E4.1,4,0.50,3,True
4,0.12,quiet_corner,E4.1,4,0.75,4,True
4,0.12,wet_gloves,E4b.1,4,1.00,4,True
4,0.13,deliveries,E4.1,4,0.50,3,True
4,0.13,quiet_corner,E4.1,4,0.75,4,True
4,0.13,wet_gloves,E4b.1,4,1.00,4,True
4,0.14,deliveries,E4.1,4,0.50,3,True
4,0.14,quiet_corner,E4.1,4,0.75,4,True
4,0.14,wet_gloves,E4b.1,4,1.00,4,True
4,0.15,deliveries,E4.1,4,0.50,3,True
4,0.15,quiet_corner,E4.1,4,0.75,4,True
4,0.15,wet_gloves,E4b.1,4,1.00,4,True
4,0.16,deliveries,E4.1,4,0.50,3,True
4,0.16,quiet_corner,E4.1,4,0.75,4,True
4,0.16,wet_gloves,E4b.1,4,1.00,4,True
4,0.17,deliveries,E4.1,4,0.50,3,True
4,0.17,quiet_corner,E4.1,4,0.75,4,True
4,0.17,wet_gloves,E4b.1,4,1.00,4,True
4,0.18,deliveries,E4.1,4,0.50,3,True
4,0.18,quiet_corner,E4.1,4,0.75,4,True
4,0.18,wet_gloves,E4b.1,4,1.00,4,True
4,0.19,deliveries,E4.1,4,0.50,3,True
4,0.19,quiet_corner,E4.1,4,0.75,4,True
4,0.19,wet_gloves,E4b.1,4,1.00,4,True
4,0.20,deliveries,E4.1,4,0.50,3,True
4,0.20,quiet_corner,E4.1,4,0.75,4,True
4,0.20,wet_gloves,E4b.1,4,1.00,4,True
4,0.21,deliveries,E4.1,4,0.50,3,True
4,0.21,quiet_corner,E4.1,4,0.75,4,True
4,0.21,wet_gloves,E4b.1,4,1.00,4,True
4,0.22,deliveries,E4.1,4,0.50,3,True
4,0.22,quiet_corner,E4.1,4,0.75,4,True
4,0.22,wet_gloves,E4b.1,4,1.00,4,True
4,0.23,deliveries,E4.1,4,0.50,3,True
4,0.23,quiet_corner,E4.1,4,0.75,4,True
4,0.23,wet_gloves,E4b.1,4,1.00,4,True
4,0.24,deliveries,E4.1,4,0.50,3,True
4,0.24,quiet_corner,E4.1,4,0.75,4,True
4,0.24,wet_gloves,E4b.1,4,1.00,4,True
4,0.25,deliveries,E4.1,4,0.50,3,True
4,0.25,quiet_corner,E4.1,4,0.75,4,True
4,0.25,wet_gloves,E4b.1,4,1.00,4,True
4,0.26,deliveries,E4.1,4,0.50,3,True
4,0.26,quiet_corner,E4.1,4,0.75,4,True
4,0.26,wet_gloves,E4b.1,4,1.00,4,True
4,0.27,deliveries,E4.1,4,0.50,3,True
4,0.27,quiet_corner,E4.1,4,0.75,4,True
4,0.27,wet_gloves,E4b.1,4,1.00,4,True
4,0.28,deliveries,E4.1,4,0.50,3,True
4,0.28,quiet_corner,E4.1,4,0.75,4,True
4,0.28,wet_gloves,E4b.1,4,1.00,4,True
4,0.29,deliveries,E4.1,4,0.50,3,True
4,0.29,quiet_corner,E4.1,4,0.75,4,True
4,0.29,wet_gloves,E4b.1,4,1.00,4,True
4,0.30,deliveries,E4.1,4,0.50,3,True
4,0.30,quiet_corner,E4.1,4,0.75,4,True
4,0.30,wet_gloves,E4b.1,4,1.00,4,True
4,0.31,deliveries,E4.1,4,0.50,3,True
4,0.31,quiet_corner,E4.1,4,0.75,4,True
4,0.31,wet_gloves,E4b.1,4,1.00,4,True
4,0.32,deliveries,E4.1,4,0.50,3,True
4,0.32,quiet_corner,E4.1,4,0.75,4,True
4,0.32,wet_gloves,E4b.1,4,1.00,4,True
4,0.33,deliveries,E4.1,4,0.50,3,True
4,0.33,quiet_corner,E4.1,4,0.75,4,True
4,0.33,wet_gloves,E4b.1,4,1.00,4,True
4,0.34,deliveries,E4.1,4,0.50,3,True
4,0.34,quiet_corner,E4.1,4,0.75,4,True
4,0.34,wet_gloves,E4b.1,4,1.00,4,True
4,0.35,deliveries,E4.1,4,0.50,3,True
4,0.35,quiet_corner,E4.1,4,0.75,4,True
4,0.35,wet_gloves,E4b.1,4,1.00,4,True
4,0.36,deliveries,E4.1,4,0.50,3,True
4,0.36,quiet_corner,E4.1,4,0.75,4,True
4,0.36,wet_gloves,E4b.1,4,1.00,4,True
4,0.37,deliveries,E4.1,4,0.50,3,True
4,0.37,quiet_corner,E4.1,4,0.75,4,True
4,0.37,wet_gloves,E4b.1,4,1.00,4,True
4,0.38,deliveries,E4.1,4,0.50,3,True
4,0.38,quiet_corner,E4.1,4,0.75,4,True
4,0.38,wet_gloves,E4b.1,4,1.00,4,True
4,0.39,deliveries,E4.1,4,0.50,3,True
4,0.39,quiet_corner,E4.1,4,0.75,4,True
4,0.39,wet_gloves,E4b.1,4,1.00,4,True
4,0.40,deliveries,E4.1,4,0.50,3,True
4,0.40,quiet_corner,E4.1,4,0.75,4,True
4,0.40,wet_gloves,E4b.1,4,1.00,4,True
4,0.41,deliveries,E4.1,4,0.50,3,True
4,0.41,quiet_corner,E4.1,4,0.75,4,True
4,0.41,wet_gloves,E4b.1,4,1.00,4,True
4,0.42,deliveries,E4.1,4,0.50,3,True
4,0.42,quiet_corner,E4.1,4,0.75,4,True
4,0.42,wet_gloves,E4b.1,4,1.00,4,True
4,0.43,deliveries,E4.1,4,0.50,3,True
4,0.43,quiet_corner,E4.1,4,0.75,4,True
4,0.43,wet_gloves,E4b.1,4,1.00,4,True
4,0.44,deliveries,E4.1,4,0.50,3,True
4,0.44,quiet_corner,E4.1,4,0.75,4,True
4,0.44,wet_gloves,E4b.1,4,1.00,4,True
4,0.45,deliveries,E4.1,4,0.50,3,True
4,0.45,quiet_corner,E4.1,4,0.75,4,True
4,0.45,wet_gloves,E4b.1,4,1.00,4,True
4,0.46,deliveries,E4.1,4,0.50,3,True
4,0.46,quiet_corner,E4.1,4,0.75,4,True
4,0.46,wet_gloves,E4b.1,4,1.00,4,True
4,0.47,deliveries,E4.1,4,0.50,3,True
4,0.47,quiet_corner,E4.1,4,0.75,4,True
4,0.47,wet_gloves,E4b.1,4,1.00,4,True
4,0.48,deliveries,E4.1,4,0.50,3,True
4,0.48,quiet_corner,E4.1,4,0.75,4,True
4,0.48,wet_gloves,E4b.1,4,1.00,4,True
4,0.49,deliveries,E4.1,4,0.50,3,True
4,0.49,quiet_corner,E4.1,4,0.75,4,True
4,0.49,wet_gloves,E4b.1,4,1.00,4,True
4,0.50,deliveries,E4.1,4,0.50,3,True
4,0.50,quiet_corner,E4.1,4,0.75,4,True
4,0.50,wet_gloves,E4b.1,4,1.00,4,True
4,0.51,deliveries,E4.1,4,0.50,3,False
4,0.51,quiet_corner,E4.1,4,0.75,4,True
4,0.51,wet_gloves,E4b.1,4,1.00,4,True
4,0.52,deliveries,E4.1,4,0.50,3,False
4,0.52,quiet_corner,E4.1,4,0.75,4,True
4,0.52,wet_gloves,E4b.1,4,1.00,4,True
4,0.53,deliveries,E4.1,4,0.50,3,False
4,0.53,quiet_corner,E4.1,4,0.75,4,True
4,0.53,wet_gloves,E4b.1,4,1.00,4,True
4,0.54,deliveries,E4.1,4,0.50,3,False
4,0.54,quiet_corner,E4.1,4,0.75,4,True
4,0.54,wet_gloves,E4b.1,4,1.00,4,True
4,0.55,deliveries,E4.1,4,0.50,3,False
4,0.55,quiet_corner,E4.1,4,0.75,4,True
4,0.55,wet_gloves,E4b.1,4,1.00,4,True
4,0.56,deliveries,E4.1,4,0.50,3,False
4,0.56,quiet_corner,E4.1,4,0.75,4,True
4,0.56,wet_gloves,E4b.1,4,1.00,4,True
4,0.57,deliveries,E4.1,4,0.50,3,False
4,0.57,quiet_corner,E4.1,4,0.75,4,True
4,0.57,wet_gloves,E4b.1,4,1.00,4,True
4,0.58,deliveries,E4.1,4,0.50,3,False
4,0.58,quiet_corner,E4.1,4,0.75,4,True
4,0.58,wet_gloves,E4b.1,4,1.00,4,True
4,0.59,deliveries,E4.1,4,0.50,3,False
4,0.59,quiet_corner,E4.1,4,0.75,4,True
4,0.59,wet_gloves,E4b.1,4,1.00,4,True
4,0.60,deliveries,E4.1,4,0.50,3,False
4,0.60,quiet_corner,E4.1,4,0.75,4,True
4,0.60,wet_gloves,E4b.1,4,1.00,4,True
4,0.61,deliveries,E4.1,4,0.50,3,False
4,0.61,quiet_corner,E4.1,4,0.75,4,True
4,0.61,wet_gloves,E4b.1,4,1.00,4,True
4,0.62,deliveries,E4.1,4,0.50,3,False
4,0.62,quiet_corner,E4.1,4,0.75,4,True
4,0.62,wet_gloves,E4b.1,4,1.00,4,True
4,0.63,deliveries,E4.1,4,0.50,3,False
4,0.63,quiet_corner,E4.1,4,0.75,4,True
4,0.63,wet_gloves,E4b.1,4,1.00,4,True
4,0.64,deliveries,E4.1,4,0.50,3,False
4,0.64,quiet_corner,E4.1,4,0.75,4,True
4,0.64,wet_gloves,E4b.1,4,1.00,4,True
4,0.65,deliveries,E4.1,4,0.50,3,False
4,0.65,quiet_corner,E4.1,4,0.75,4,True
4,0.65,wet_gloves,E4b.1,4,1.00,4,True
4,0.66,deliveries,E4.1,4,0.50,3,False
4,0.66,quiet_corner,E4.1,4,0.75,4,True
4,0.66,wet_gloves,E4b.1,4,1.00,4,True
4,0.67,deliveries,E4.1,4,0.50,3,False
4,0.67,quiet_corner,E4.1,4,0.75,4,True
4,0.67,wet_gloves,E4b.1,4,1.00,4,True
4,0.68,deliveries,E4.1,4,0.50,3,False
4,0.68,quiet_corner,E4.1,4,0.75,4,True
4,0.68,wet_gloves,E4b.1,4,1.00,4,True
4,0.69,deliveries,E4.1,4,0.50,3,False
4,0.69,quiet_corner,E4.1,4,0.75,4,True
4,0.69,wet_gloves,E4b.1,4,1.00,4,True
4,0.70,deliveries,E4.1,4,0.50,3,False
4,0.70,quiet_corner,E4.1,4,0.75,4,True
4,0.70,wet_gloves,E4b.1,4,1.00,4,True
4,0.71,deliveries,E4.1,4,0.50,3,False
4,0.71,quiet_corner,E4.1,4,0.75,4,True
4,0.71,wet_gloves,E4b.1,4,1.00,4,True
4,0.72,deliveries,E4.1,4,0.50,3,False
4,0.72,quiet_corner,E4.1,4,0.75,4,True
4,0.72,wet_gloves,E4b.1,4,1.00,4,True
4,0.73,deliveries,E4.1,4,0.50,3,False
4,0.73,quiet_corner,E4.1,4,0.75,4,True
4,0.73,wet_gloves,E4b.1,4,1.00,4,True
4,0.74,deliveries,E4.1,4,0.50,3,False
4,0.74,quiet_corner,E4.1,4,0.75,4,True
4,0.74,wet_gloves,E4b.1,4,1.00,4,True
4,0.75,deliveries,E4.1,4,0.50,3,False
4,0.75,quiet_corner,E4.1,4,0.75,4,True
4,0.75,wet_gloves,E4b.1,4,1.00,4,True
4,0.76,deliveries,E4.1,4,0.50,3,False
4,0.76,quiet_corner,E4.1,4,0.75,4,False
4,0.76,wet_gloves,E4b.1,4,1.00,4,True
4,0.77,deliveries,E4.1,4,0.50,3,False
4,0.77,quiet_corner,E4.1,4,0.75,4,False
4,0.77,wet_gloves,E4b.1,4,1.00,4,True
4,0.78,deliveries,E4.1,4,0.50,3,False
4,0.78,quiet_corner,E4.1,4,0.75,4,False
4,0.78,wet_gloves,E4b.1,4,1.00,4,True
4,0.79,deliveries,E4.1,4,0.50,3,False
4,0.79,quiet_corner,E4.1,4,0.75,4,False
4,0.79,wet_gloves,E4b.1,4,1.00,4,True
4,0.80,deliveries,E4.1,4,0.50,3,False
4,0.80,quiet_corner,E4.1,4,0.75,4,False
4,0.80,wet_gloves,E4b.1,4,1.00,4,True
4,0.81,deliveries,E4.1,4,0.50,3,False
4,0.81,quiet_corner,E4.1,4,0.75,4,False
4,0.81,wet_gloves,E4b.1,4,1.00,4,True
4,0.82,deliveries,E4.1,4,0.50,3,False
4,0.82,quiet_corner,E4.1,4,0.75,4,False
4,0.82,wet_gloves,E4b.1,4,1.00,4,True
4,0.83,deliveries,E4.1,4,0.50,3,False
4,0.83,quiet_corner,E4.1,4,0.75,4,False
4,0.83,wet_gloves,E4b.1,4,1.00,4,True
4,0.84,deliveries,E4.1,4,0.50,3,False
4,0.84,quiet_corner,E4.1,4,0.75,4,False
4,0.84,wet_gloves,E4b.1,4,1.00,4,True
4,0.85,deliveries,E4.1,4,0.50,3,False
4,0.85,quiet_corner,E4.1,4,0.75,4,False
4,0.85,wet_gloves,E4b.1,4,1.00,4,True
4,0.86,deliveries,E4.1,4,0.50,3,False
4,0.86,quiet_corner,E4.1,4,0.75,4,False
4,0.86,wet_gloves,E4b.1,4,1.00,4,True
4,0.87,deliveries,E4.1,4,0.50,3,False
4,0.87,quiet_corner,E4.1,4,0.75,4,False
4,0.87,wet_gloves,E4b.1,4,1.00,4,True
4,0.88,deliveries,E4.1,4,0.50,3,False
4,0.88,quiet_corner,E4.1,4,0.75,4,False
4,0.88,wet_gloves,E4b.1,4,1.00,4,True
4,0.89,deliveries,E4.1,4,0.50,3,False
4,0.89,quiet_corner,E4.1,4,0.75,4,False
4,0.89,wet_gloves,E4b.1,4,1.00,4,True
4,0.90,deliveries,E4.1,4,0.50,3,False
4,0.90,quiet_corner,E4.1,4,0.75,4,False
4,0.90,wet_gloves,E4b.1,4,1.00,4,True
4,0.91,deliveries,E4.1,4,0.50,3,False
4,0.91,quiet_corner,E4.1,4,0.75,4,False
4,0.91,wet_gloves,E4b.1,4,1.00,4,True
4,0.92,deliveries,E4.1,4,0.50,3,False
4,0.92,quiet_corner,E4.1,4,0.75,4,False
4,0.92,wet_gloves,E4b.1,4,1.00,4,True
4,0.93,deliveries,E4.1,4,0.50,3,False
4,0.93,quiet_corner,E4.1,4,0.75,4,False
4,0.93,wet_gloves,E4b.1,4,1.00,4,True
4,0.94,deliveries,E4.1,4,0.50,3,False
4,0.94,quiet_corner,E4.1,4,0.75,4,False
4,0.94,wet_gloves,E4b.1,4,1.00,4,True
4,0.95,deliveries,E4.1,4,0.50,3,False
4,0.95,quiet_corner,E4.1,4,0.75,4,False
4,0.95,wet_gloves,E4b.1,4,1.00,4,True
4,0.96,deliveries,E4.1,4,0.50,3,False
4,0.96,quiet_corner,E4.1,4,0.75,4,False
4,0.96,wet_gloves,E4b.1,4,1.00,4,True
4,0.97,deliveries,E4.1,4,0.50,3,False
4,0.97,quiet_corner,E4.1,4,0.75,4,False
4,0.97,wet_gloves,E4b.1,4,1.00,4,True
4,0.98,deliveries,E4.1,4,0.50,3,False
4,0.98,quiet_corner,E4.1,4,0.75,4,False
4,0.98,wet_gloves,E4b.1,4,1.00,4,True
4,0.99,deliveries,E4.1,4,0.50,3,False
4,0.99,quiet_corner,E4.1,4,0.75,4,False
4,0.99,wet_gloves,E4b.1,4,1.00,4,True
4,1.00,deliveries,E4.1,4,0.50,3,False
4,1.00,quiet_corner,E4.1,4,0.75,4,False
4,1.00,wet_gloves,E4b.1,4,1.00,4,True
5,0.00,deliveries,E4.1,4,0.50,3,False
5,0.00,quiet_corner,E4.1,4,0.75,4,False
5,0.00,wet_gloves,E4b.1,4,1.00,4,False
5,0.01,deliveries,E4.1,4,0.50,3,False
5,0.01,quiet_corner,E4.1,4,0.75,4,False
5,0.01,wet_gloves,E4b.1,4,1.00,4,False
5,0.02,deliveries,E4.1,4,0.50,3,False
5,0.02,quiet_corner,E4.1,4,0.75,4,False
5,0.02,wet_gloves,E4b.1,4,1.00,4,False
5,0.03,deliveries,E4.1,4,0.50,3,False
5,0.03,quiet_corner,E4.1,4,0.75,4,False
5,0.03,wet_gloves,E4b.1,4,1.00,4,False
5,0.04,deliveries,E4.1,4,0.50,3,False
5,0.04,quiet_corner,E4.1,4,0.75,4,False
5,0.04,wet_gloves,E4b.1,4,1.00,4,False
5,0.05,deliveries,E4.1,4,0.50,3,False
5,0.05,quiet_corner,E4.1,4,0.75,4,False
5,0.05,wet_gloves,E4b.1,4,1.00,4,False
5,0.06,deliveries,E4.1,4,0.50,3,False
5,0.06,quiet_corner,E4.1,4,0.75,4,False
5,0.06,wet_gloves,E4b.1,4,1.00,4,False
5,0.07,deliveries,E4.1,4,0.50,3,False
5,0.07,quiet_corner,E4.1,4,0.75,4,False
5,0.07,wet_gloves,E4b.1,4,1.00,4,False
5,0.08,deliveries,E4.1,4,0.50,3,False
5,0.08,quiet_corner,E4.1,4,0.75,4,False
5,0.08,wet_gloves,E4b.1,4,1.00,4,False
5,0.09,deliveries,E4.1,4,0.50,3,False
5,0.09,quiet_corner,E4.1,4,0.75,4,False
5,0.09,wet_gloves,E4b.1,4,1.00,4,False
5,0.10,deliveries,E4.1,4,0.50,3,False
5,0.10,quiet_corner,E4.1,4,0.75,4,False
5,0.10,wet_gloves,E4b.1,4,1.00,4,False
5,0.11,deliveries,E4.1,4,0.50,3,False
5,0.11,quiet_corner,E4.1,4,0.75,4,False
5,0.11,wet_gloves,E4b.1,4,1.00,4,False
5,0.12,deliveries,E4.1,4,0.50,3,False
5,0.12,quiet_corner,E4.1,4,0.75,4,False
5,0.12,wet_gloves,E4b.1,4,1.00,4,False
5,0.13,deliveries,E4.1,4,0.50,3,False
5,0.13,quiet_corner,E4.1,4,0.75,4,False
5,0.13,wet_gloves,E4b.1,4,1.00,4,False
5,0.14,deliveries,E4.1,4,0.50,3,False
5,0.14,quiet_corner,E4.1,4,0.75,4,False
5,0.14,wet_gloves,E4b.1,4,1.00,4,False
5,0.15,deliveries,E4.1,4,0.50,3,False
5,0.15,quiet_corner,E4.1,4,0.75,4,False
5,0.15,wet_gloves,E4b.1,4,1.00,4,False
5,0.16,deliveries,E4.1,4,0.50,3,False
5,0.16,quiet_corner,E4.1,4,0.75,4,False
5,0.16,wet_gloves,E4b.1,4,1.00,4,False
5,0.17,deliveries,E4.1,4,0.50,3,False
5,0.17,quiet_corner,E4.1,4,0.75,4,False
5,0.17,wet_gloves,E4b.1,4,1.00,4,False
5,0.18,deliveries,E4.1,4,0.50,3,False
5,0.18,quiet_corner,E4.1,4,0.75,4,False
5,0.18,wet_gloves,E4b.1,4,1.00,4,False
5,0.19,deliveries,E4.1,4,0.50,3,False
5,0.19,quiet_corner,E4.1,4,0.75,4,False
5,0.19,wet_gloves,E4b.1,4,1.00,4,False
5,0.20,deliveries,E4.1,4,0.50,3,False
5,0.20,quiet_corner,E4.1,4,0.75,4,False
5,0.20,wet_gloves,E4b.1,4,1.00,4,False
5,0.21,deliveries,E4.1,4,0.50,3,False
5,0.21,quiet_corner,E4.1,4,0.75,4,False
5,0.21,wet_gloves,E4b.1,4,1.00,4,False
5,0.22,deliveries,E4.1,4,0.50,3,False
5,0.22,quiet_corner,E4.1,4,0.75,4,False
5,0.22,wet_gloves,E4b.1,4,1.00,4,False
5,0.23,deliveries,E4.1,4,0.50,3,False
5,0.23,quiet_corner,E4.1,4,0.75,4,False
5,0.23,wet_gloves,E4b.1,4,1.00,4,False
5,0.24,deliveries,E4.1,4,0.50,3,False
5,0.24,quiet_corner,E4.1,4,0.75,4,False
5,0.24,wet_gloves,E4b.1,4,1.00,4,False
5,0.25,deliveries,E4.1,4,0.50,3,False
5,0.25,quiet_corner,E4.1,4,0.75,4,False
5,0.25,wet_gloves,E4b.1,4,1.00,4,False
5,0.26,deliveries,E4.1,4,0.50,3,False
5,0.26,quiet_corner,E4.1,4,0.75,4,False
5,0.26,wet_gloves,E4b.1,4,1.00,4,False
5,0.27,deliveries,E4.1,4,0.50,3,False
5,0.27,quiet_corner,E4.1,4,0.75,4,False
5,0.27,wet_gloves,E4b.1,4,1.00,4,False
5,0.28,deliveries,E4.1,4,0.50,3,False
5,0.28,quiet_corner,E4.1,4,0.75,4,False
5,0.28,wet_gloves,E4b.1,4,1.00,4,False
5,0.29,deliveries,E4.1,4,0.50,3,False
5,0.29,quiet_corner,E4.1,4,0.75,4,False
5,0.29,wet_gloves,E4b.1,4,1.00,4,False
5,0.30,deliveries,E4.1,4,0.50,3,False
5,0.30,quiet_corner,E4.1,4,0.75,4,False
5,0.30,wet_gloves,E4b.1,4,1.00,4,False
5,0.31,deliveries,E4.1,4,0.50,3,False
5,0.31,quiet_corner,E4.1,4,0.75,4,False
5,0.31,wet_gloves,E4b.1,4,1.00,4,False
5,0.32,deliveries,E4.1,4,0.50,3,False
5,0.32,quiet_corner,E4.1,4,0.75,4,False
5,0.32,wet_gloves,E4b.1,4,1.00,4,False
5,0.33,deliveries,E4.1,4,0.50,3,False
5,0.33,quiet_corner,E4.1,4,0.75,4,False
5,0.33,wet_gloves,E4b.1,4,1.00,4,False
5,0.34,deliveries,E4.1,4,0.50,3,False
5,0.34,quiet_corner,E4.1,4,0.75,4,False
5,0.34,wet_gloves,E4b.1,4,1.00,4,False
5,0.35,deliveries,E4.1,4,0.50,3,False
5,0.35,quiet_corner,E4.1,4,0.75,4,False
5,0.35,wet_gloves,E4b.1,4,1.00,4,False
5,0.36,deliveries,E4.1,4,0.50,3,False
5,0.36,quiet_corner,E4.1,4,0.75,4,False
5,0.36,wet_gloves,E4b.1,4,1.00,4,False
5,0.37,deliveries,E4.1,4,0.50,3,False
5,0.37,quiet_corner,E4.1,4,0.75,4,False
5,0.37,wet_gloves,E4b.1,4,1.00,4,False
5,0.38,deliveries,E4.1,4,0.50,3,False
5,0.38,quiet_corner,E4.1,4,0.75,4,False
5,0.38,wet_gloves,E4b.1,4,1.00,4,False
5,0.39,deliveries,E4.1,4,0.50,3,False
5,0.39,quiet_corner,E4.1,4,0.75,4,False
5,0.39,wet_gloves,E4b.1,4,1.00,4,False
5,0.40,deliveries,E4.1,4,0.50,3,False
5,0.40,quiet_corner,E4.1,4,0.75,4,False
5,0.40,wet_gloves,E4b.1,4,1.00,4,False
5,0.41,deliveries,E4.1,4,0.50,3,False
5,0.41,quiet_corner,E4.1,4,0.75,4,False
5,0.41,wet_gloves,E4b.1,4,1.00,4,False
5,0.42,deliveries,E4.1,4,0.50,3,False
5,0.42,quiet_corner,E4.1,4,0.75,4,False
5,0.42,wet_gloves,E4b.1,4,1.00,4,False
5,0.43,deliveries,E4.1,4,0.50,3,False
5,0.43,quiet_corner,E4.1,4,0.75,4,False
5,0.43,wet_gloves,E4b.1,4,1.00,4,False
5,0.44,deliveries,E4.1,4,0.50,3,False
5,0.44,quiet_corner,E4.1,4,0.75,4,False
5,0.44,wet_gloves,E4b.1,4,1.00,4,False
5,0.45,deliveries,E4.1,4,0.50,3,False
5,0.45,quiet_corner,E4.1,4,0.75,4,False
5,0.45,wet_gloves,E4b.1,4,1.00,4,False
5,0.46,deliveries,E4.1,4,0.50,3,False
5,0.46,quiet_corner,E4.1,4,0.75,4,False
5,0.46,wet_gloves,E4b.1,4,1.00,4,False
5,0.47,deliveries,E4.1,4,0.50,3,False
5,0.47,quiet_corner,E4.1,4,0.75,4,False
5,0.47,wet_gloves,E4b.1,4,1.00,4,False
5,0.48,deliveries,E4.1,4,0.50,3,False
5,0.48,quiet_corner,E4.1,4,0.75,4,False
5,0.48,wet_gloves,E4b.1,4,1.00,4,False
5,0.49,deliveries,E4.1,4,0.50,3,False
5,0.49,quiet_corner,E4.1,4,0.75,4,False
5,0.49,wet_gloves,E4b.1,4,1.00,4,False
5,0.50,deliveries,E4.1,4,0.50,3,False
5,0.50,quiet_corner,E4.1,4,0.75,4,False
5,0.50,wet_gloves,E4b.1,4,1.00,4,False
5,0.51,deliveries,E4.1,4,0.50,3,False
5,0.51,quiet_corner,E4.1,4,0.75,4,False
5,0.51,wet_gloves,E4b.1,4,1.00,4,False
5,0.52,deliveries,E4.1,4,0.50,3,False
5,0.52,quiet_corner,E4.1,4,0.75,4,False
5,0.52,wet_gloves,E4b.1,4,1.00,4,False
5,0.53,deliveries,E4.1,4,0.50,3,False
5,0.53,quiet_corner,E4.1,4,0.75,4,False
5,0.53,wet_gloves,E4b.1,4,1.00,4,False
5,0.54,deliveries,E4.1,4,0.50,3,False
5,0.54,quiet_corner,E4.1,4,0.75,4,False
5,0.54,wet_gloves,E4b.1,4,1.00,4,False
5,0.55,deliveries,E4.1,4,0.50,3,False
5,0.55,quiet_corner,E4.1,4,0.75,4,False
5,0.55,wet_gloves,E4b.1,4,1.00,4,False
5,0.56,deliveries,E4.1,4,0.50,3,False
5,0.56,quiet_corner,E4.1,4,0.75,4,False
5,0.56,wet_gloves,E4b.1,4,1.00,4,False
5,0.57,deliveries,E4.1,4,0.50,3,False
5,0.57,quiet_corner,E4.1,4,0.75,4,False
5,0.57,wet_gloves,E4b.1,4,1.00,4,False
5,0.58,deliveries,E4.1,4,0.50,3,False
5,0.58,quiet_corner,E4.1,4,0.75,4,False
5,0.58,wet_gloves,E4b.1,4,1.00,4,False
5,0.59,deliveries,E4.1,4,0.50,3,False
5,0.59,quiet_corner,E4.1,4,0.75,4,False
5,0.59,wet_gloves,E4b.1,4,1.00,4,False
5,0.60,deliveries,E4.1,4,0.50,3,False
5,0.60,quiet_corner,E4.1,4,0.75,4,False
5,0.60,wet_gloves,E4b.1,4,1.00,4,False
5,0.61,deliveries,E4.1,4,0.50,3,False
5,0.61,quiet_corner,E4.1,4,0.75,4,False
5,0.61,wet_gloves,E4b.1,4,1.00,4,False
5,0.62,deliveries,E4.1,4,0.50,3,False
5,0.62,quiet_corner,E4.1,4,0.75,4,False
5,0.62,wet_gloves,E4b.1,4,1.00,4,False
5,0.63,deliveries,E4.1,4,0.50,3,False
5,0.63,quiet_corner,E4.1,4,0.75,4,False
5,0.63,wet_gloves,E4b.1,4,1.00,4,False
5,0.64,deliveries,E4.1,4,0.50,3,False
5,0.64,quiet_corner,E4.1,4,0.75,4,False
5,0.64,wet_gloves,E4b.1,4,1.00,4,False
5,0.65,deliveries,E4.1,4,0.50,3,False
5,0.65,quiet_corner,E4.1,4,0.75,4,False
5,0.65,wet_gloves,E4b.1,4,1.00,4,False
5,0.66,deliveries,E4.1,4,0.50,3,False
5,0.66,quiet_corner,E4.1,4,0.75,4,False
5,0.66,wet_gloves,E4b.1,4,1.00,4,False
5,0.67,deliveries,E4.1,4,0.50,3,False
5,0.67,quiet_corner,E4.1,4,0.75,4,False
5,0.67,wet_gloves,E4b.1,4,1.00,4,False
5,0.68,deliveries,E4.1,4,0.50,3,False
5,0.68,quiet_corner,E4.1,4,0.75,4,False
5,0.68,wet_gloves,E4b.1,4,1.00,4,False
5,0.69,deliveries,E4.1,4,0.50,3,False
5,0.69,quiet_corner,E4.1,4,0.75,4,False
5,0.69,wet_gloves,E4b.1,4,1.00,4,False
5,0.70,deliveries,E4.1,4,0.50,3,False
5,0.70,quiet_corner,E4.1,4,0.75,4,False
5,0.70,wet_gloves,E4b.1,4,1.00,4,False
5,0.71,deliveries,E4.1,4,0.50,3,False
5,0.71,quiet_corner,E4.1,4,0.75,4,False
5,0.71,wet_gloves,E4b.1,4,1.00,4,False
5,0.72,deliveries,E4.1,4,0.50,3,False
5,0.72,quiet_corner,E4.1,4,0.75,4,False
5,0.72,wet_gloves,E4b.1,4,1.00,4,False
5,0.73,deliveries,E4.1,4,0.50,3,False
5,0.73,quiet_corner,E4.1,4,0.75,4,False
5,0.73,wet_gloves,E4b.1,4,1.00,4,False
5,0.74,deliveries,E4.1,4,0.50,3,False
5,0.74,quiet_corner,E4.1,4,0.75,4,False
5,0.74,wet_gloves,E4b.1,4,1.00,4,False
5,0.75,deliveries,E4.1,4,0.50,3,False
5,0.75,quiet_corner,E4.1,4,0.75,4,False
5,0.75,wet_gloves,E4b.1,4,1.00,4,False
5,0.76,deliveries,E4.1,4,0.50,3,False
5,0.76,quiet_corner,E4.1,4,0.75,4,False
5,0.76,wet_gloves,E4b.1,4,1.00,4,False
5,0.77,deliveries,E4.1,4,0.50,3,False
5,0.77,quiet_corner,E4.1,4,0.75,4,False
5,0.77,wet_gloves,E4b.1,4,1.00,4,False
5,0.78,deliveries,E4.1,4,0.50,3,False
5,0.78,quiet_corner,E4.1,4,0.75,4,False
5,0.78,wet_gloves,E4b.1,4,1.00,4,False
5,0.79,deliveries,E4.1,4,0.50,3,False
5,0.79,quiet_corner,E4.1,4,0.75,4,False
5,0.79,wet_gloves,E4b.1,4,1.00,4,False
5,0.80,deliveries,E4.1,4,0.50,3,False
5,0.80,quiet_corner,E4.1,4,0.75,4,False
5,0.80,wet_gloves,E4b.1,4,1.00,4,False
5,0.81,deliveries,E4.1,4,0.50,3,False
5,0.81,quiet_corner,E4.1,4,0.75,4,False
5,0.81,wet_gloves,E4b.1,4,1.00,4,False
5,0.82,deliveries,E4.1,4,0.50,3,False
5,0.82,quiet_corner,E4.1,4,0.75,4,False
5,0.82,wet_gloves,E4b.1,4,1.00,4,False
5,0.83,deliveries,E4.1,4,0.50,3,False
5,0.83,quiet_corner,E4.1,4,0.75,4,False
5,0.83,wet_gloves,E4b.1,4,1.00,4,False
5,0.84,deliveries,E4.1,4,0.50,3,False
5,0.84,quiet_corner,E4.1,4,0.75,4,False
5,0.84,wet_gloves,E4b.1,4,1.00,4,False
5,0.85,deliveries,E4.1,4,0.50,3,False
5,0.85,quiet_corner,E4.1,4,0.75,4,False
5,0.85,wet_gloves,E4b.1,4,1.00,4,False
5,0.86,deliveries,E4.1,4,0.50,3,False
5,0.86,quiet_corner,E4.1,4,0.75,4,False
5,0.86,wet_gloves,E4b.1,4,1.00,4,False
5,0.87,deliveries,E4.1,4,0.50,3,False
5,0.87,quiet_corner,E4.1,4,0.75,4,False
5,0.87,wet_gloves,E4b.1,4,1.00,4,False
5,0.88,deliveries,E4.1,4,0.50,3,False
5,0.88,quiet_corner,E4.1,4,0.75,4,False
5,0.88,wet_gloves,E4b.1,4,1.00,4,False
5,0.89,deliveries,E4.1,4,0.50,3,False
5,0.89,quiet_corner,E4.1,4,0.75,4,False
5,0.89,wet_gloves,E4b.1,4,1.00,4,False
5,0.90,deliveries,E4.1,4,0.50,3,False
5,0.90,quiet_corner,E4.1,4,0.75,4,False
5,0.90,wet_gloves,E4b.1,4,1.00,4,False
5,0.91,deliveries,E4.1,4,0.50,3,False
5,0.91,quiet_corner,E4.1,4,0.75,4,False
5,0.91,wet_gloves,E4b.1,4,1.00,4,False
5,0.92,deliveries,E4.1,4,0.50,3,False
5,0.92,quiet_corner,E4.1,4,0.75,4,False
5,0.92,wet_gloves,E4b.1,4,1.00,4,False
5,0.93,deliveries,E4.1,4,0.50,3,False
5,0.93,quiet_corner,E4.1,4,0.75,4,False
5,0.93,wet_gloves,E4b.1,4,1.00,4,False
5,0.94,deliveries,E4.1,4,0.50,3,False
5,0.94,quiet_corner,E4.1,4,0.75,4,False
5,0.94,wet_gloves,E4b.1,4,1.00,4,False
5,0.95,deliveries,E4.1,4,0.50,3,False
5,0.95,quiet_corner,E4.1,4,0.75,4,False
5,0.95,wet_gloves,E4b.1,4,1.00,4,False
5,0.96,deliveries,E4.1,4,0.50,3,False
5,0.96,quiet_corner,E4.1,4,0.75,4,False
5,0.96,wet_gloves,E4b.1,4,1.00,4,False
5,0.97,deliveries,E4.1,4,0.50,3,False
5,0.97,quiet_corner,E4.1,4,0.75,4,False
5,0.97,wet_gloves,E4b.1,4,1.00,4,False
5,0.98,deliveries,E4.1,4,0.50,3,False
5,0.98,quiet_corner,E4.1,4,0.75,4,False
5,0.98,wet_gloves,E4b.1,4,1.00,4,False
5,0.99,deliveries,E4.1,4,0.50,3,False
5,0.99,quiet_corner,E4.1,4,0.75,4,False
5,0.99,wet_gloves,E4b.1,4,1.00,4,False
5,1.00,deliveries,E4.1,4,0.50,3,False
5,1.00,quiet_corner,E4.1,4,0.75,4,False
5,1.00,wet_gloves,E4b.1,4,1.00,4,False
6,0.00,deliveries,E4.1,4,0.50,3,False
6,0.00,quiet_corner,E4.1,4,0.75,4,False
6,0.00,wet_gloves,E4b.1,4,1.00,4,False
6,0.01,deliveries,E4.1,4,0.50,3,False
6,0.01,quiet_corner,E4.1,4,0.75,4,False
6,0.01,wet_gloves,E4b.1,4,1.00,4,False
6,0.02,deliveries,E4.1,4,0.50,3,False
6,0.02,quiet_corner,E4.1,4,0.75,4,False
6,0.02,wet_gloves,E4b.1,4,1.00,4,False
6,0.03,deliveries,E4.1,4,0.50,3,False
6,0.03,quiet_corner,E4.1,4,0.75,4,False
6,0.03,wet_gloves,E4b.1,4,1.00,4,False
6,0.04,deliveries,E4.1,4,0.50,3,False
6,0.04,quiet_corner,E4.1,4,0.75,4,False
6,0.04,wet_gloves,E4b.1,4,1.00,4,False
6,0.05,deliveries,E4.1,4,0.50,3,False
6,0.05,quiet_corner,E4.1,4,0.75,4,False
6,0.05,wet_gloves,E4b.1,4,1.00,4,False
6,0.06,deliveries,E4.1,4,0.50,3,False
6,0.06,quiet_corner,E4.1,4,0.75,4,False
6,0.06,wet_gloves,E4b.1,4,1.00,4,False
6,0.07,deliveries,E4.1,4,0.50,3,False
6,0.07,quiet_corner,E4.1,4,0.75,4,False
6,0.07,wet_gloves,E4b.1,4,1.00,4,False
6,0.08,deliveries,E4.1,4,0.50,3,False
6,0.08,quiet_corner,E4.1,4,0.75,4,False
6,0.08,wet_gloves,E4b.1,4,1.00,4,False
6,0.09,deliveries,E4.1,4,0.50,3,False
6,0.09,quiet_corner,E4.1,4,0.75,4,False
6,0.09,wet_gloves,E4b.1,4,1.00,4,False
6,0.10,deliveries,E4.1,4,0.50,3,False
6,0.10,quiet_corner,E4.1,4,0.75,4,False
6,0.10,wet_gloves,E4b.1,4,1.00,4,False
6,0.11,deliveries,E4.1,4,0.50,3,False
6,0.11,quiet_corner,E4.1,4,0.75,4,False
6,0.11,wet_gloves,E4b.1,4,1.00,4,False
6,0.12,deliveries,E4.1,4,0.50,3,False
6,0.12,quiet_corner,E4.1,4,0.75,4,False
6,0.12,wet_gloves,E4b.1,4,1.00,4,False
6,0.13,deliveries,E4.1,4,0.50,3,False
6,0.13,quiet_corner,E4.1,4,0.75,4,False
6,0.13,wet_gloves,E4b.1,4,1.00,4,False
6,0.14,deliveries,E4.1,4,0.50,3,False
6,0.14,quiet_corner,E4.1,4,0.75,4,False
6,0.14,wet_gloves,E4b.1,4,1.00,4,False
6,0.15,deliveries,E4.1,4,0.50,3,False
6,0.15,quiet_corner,E4.1,4,0.75,4,False
6,0.15,wet_gloves,E4b.1,4,1.00,4,False
6,0.16,deliveries,E4.1,4,0.50,3,False
6,0.16,quiet_corner,E4.1,4,0.75,4,False
6,0.16,wet_gloves,E4b.1,4,1.00,4,False
6,0.17,deliveries,E4.1,4,0.50,3,False
6,0.17,quiet_corner,E4.1,4,0.75,4,False
6,0.17,wet_gloves,E4b.1,4,1.00,4,False
6,0.18,deliveries,E4.1,4,0.50,3,False
6,0.18,quiet_corner,E4.1,4,0.75,4,False
6,0.18,wet_gloves,E4b.1,4,1.00,4,False
6,0.19,deliveries,E4.1,4,0.50,3,False
6,0.19,quiet_corner,E4.1,4,0.75,4,False
6,0.19,wet_gloves,E4b.1,4,1.00,4,False
6,0.20,deliveries,E4.1,4,0.50,3,False
6,0.20,quiet_corner,E4.1,4,0.75,4,False
6,0.20,wet_gloves,E4b.1,4,1.00,4,False
6,0.21,deliveries,E4.1,4,0.50,3,False
6,0.21,quiet_corner,E4.1,4,0.75,4,False
6,0.21,wet_gloves,E4b.1,4,1.00,4,False
6,0.22,deliveries,E4.1,4,0.50,3,False
6,0.22,quiet_corner,E4.1,4,0.75,4,False
6,0.22,wet_gloves,E4b.1,4,1.00,4,False
6,0.23,deliveries,E4.1,4,0.50,3,False
6,0.23,quiet_corner,E4.1,4,0.75,4,False
6,0.23,wet_gloves,E4b.1,4,1.00,4,False
6,0.24,deliveries,E4.1,4,0.50,3,False
6,0.24,quiet_corner,E4.1,4,0.75,4,False
6,0.24,wet_gloves,E4b.1,4,1.00,4,False
6,0.25,deliveries,E4.1,4,0.50,3,False
6,0.25,quiet_corner,E4.1,4,0.75,4,False
6,0.25,wet_gloves,E4b.1,4,1.00,4,False
6,0.26,deliveries,E4.1,4,0.50,3,False
6,0.26,quiet_corner,E4.1,4,0.75,4,False
6,0.26,wet_gloves,E4b.1,4,1.00,4,False
6,0.27,deliveries,E4.1,4,0.50,3,False
6,0.27,quiet_corner,E4.1,4,0.75,4,False
6,0.27,wet_gloves,E4b.1,4,1.00,4,False
6,0.28,deliveries,E4.1,4,0.50,3,False
6,0.28,quiet_corner,E4.1,4,0.75,4,False
6,0.28,wet_gloves,E4b.1,4,1.00,4,False
6,0.29,deliveries,E4.1,4,0.50,3,False
6,0.29,quiet_corner,E4.1,4,0.75,4,False
6,0.29,wet_gloves,E4b.1,4,1.00,4,False
6,0.30,deliveries,E4.1,4,0.50,3,False
6,0.30,quiet_corner,E4.1,4,0.75,4,False
6,0.30,wet_gloves,E4b.1,4,1.00,4,False
6,0.31,deliveries,E4.1,4,0.50,3,False
6,0.31,quiet_corner,E4.1,4,0.75,4,False
6,0.31,wet_gloves,E4b.1,4,1.00,4,False
6,0.32,deliveries,E4.1,4,0.50,3,False
6,0.32,quiet_corner,E4.1,4,0.75,4,False
6,0.32,wet_gloves,E4b.1,4,1.00,4,False
6,0.33,deliveries,E4.1,4,0.50,3,False
6,0.33,quiet_corner,E4.1,4,0.75,4,False
6,0.33,wet_gloves,E4b.1,4,1.00,4,False
6,0.34,deliveries,E4.1,4,0.50,3,False
6,0.34,quiet_corner,E4.1,4,0.75,4,False
6,0.34,wet_gloves,E4b.1,4,1.00,4,False
6,0.35,deliveries,E4.1,4,0.50,3,False
6,0.35,quiet_corner,E4.1,4,0.75,4,False
6,0.35,wet_gloves,E4b.1,4,1.00,4,False
6,0.36,deliveries,E4.1,4,0.50,3,False
6,0.36,quiet_corner,E4.1,4,0.75,4,False
6,0.36,wet_gloves,E4b.1,4,1.00,4,False
6,0.37,deliveries,E4.1,4,0.50,3,False
6,0.37,quiet_corner,E4.1,4,0.75,4,False
6,0.37,wet_gloves,E4b.1,4,1.00,4,False
6,0.38,deliveries,E4.1,4,0.50,3,False
6,0.38,quiet_corner,E4.1,4,0.75,4,False
6,0.38,wet_gloves,E4b.1,4,1.00,4,False
6,0.39,deliveries,E4.1,4,0.50,3,False
6,0.39,quiet_corner,E4.1,4,0.75,4,False
6,0.39,wet_gloves,E4b.1,4,1.00,4,False
6,0.40,deliveries,E4.1,4,0.50,3,False
6,0.40,quiet_corner,E4.1,4,0.75,4,False
6,0.40,wet_gloves,E4b.1,4,1.00,4,False
6,0.41,deliveries,E4.1,4,0.50,3,False
6,0.41,quiet_corner,E4.1,4,0.75,4,False
6,0.41,wet_gloves,E4b.1,4,1.00,4,False
6,0.42,deliveries,E4.1,4,0.50,3,False
6,0.42,quiet_corner,E4.1,4,0.75,4,False
6,0.42,wet_gloves,E4b.1,4,1.00,4,False
6,0.43,deliveries,E4.1,4,0.50,3,False
6,0.43,quiet_corner,E4.1,4,0.75,4,False
6,0.43,wet_gloves,E4b.1,4,1.00,4,False
6,0.44,deliveries,E4.1,4,0.50,3,False
6,0.44,quiet_corner,E4.1,4,0.75,4,False
6,0.44,wet_gloves,E4b.1,4,1.00,4,False
6,0.45,deliveries,E4.1,4,0.50,3,False
6,0.45,quiet_corner,E4.1,4,0.75,4,False
6,0.45,wet_gloves,E4b.1,4,1.00,4,False
6,0.46,deliveries,E4.1,4,0.50,3,False
6,0.46,quiet_corner,E4.1,4,0.75,4,False
6,0.46,wet_gloves,E4b.1,4,1.00,4,False
6,0.47,deliveries,E4.1,4,0.50,3,False
6,0.47,quiet_corner,E4.1,4,0.75,4,False
6,0.47,wet_gloves,E4b.1,4,1.00,4,False
6,0.48,deliveries,E4.1,4,0.50,3,False
6,0.48,quiet_corner,E4.1,4,0.75,4,False
6,0.48,wet_gloves,E4b.1,4,1.00,4,False
6,0.49,deliveries,E4.1,4,0.50,3,False
6,0.49,quiet_corner,E4.1,4,0.75,4,False
6,0.49,wet_gloves,E4b.1,4,1.00,4,False
6,0.50,deliveries,E4.1,4,0.50,3,False
6,0.50,quiet_corner,E4.1,4,0.75,4,False
6,0.50,wet_gloves,E4b.1,4,1.00,4,False
6,0.51,deliveries,E4.1,4,0.50,3,False
6,0.51,quiet_corner,E4.1,4,0.75,4,False
6,0.51,wet_gloves,E4b.1,4,1.00,4,False
6,0.52,deliveries,E4.1,4,0.50,3,False
6,0.52,quiet_corner,E4.1,4,0.75,4,False
6,0.52,wet_gloves,E4b.1,4,1.00,4,False
6,0.53,deliveries,E4.1,4,0.50,3,False
6,0.53,quiet_corner,E4.1,4,0.75,4,False
6,0.53,wet_gloves,E4b.1,4,1.00,4,False
6,0.54,deliveries,E4.1,4,0.50,3,False
6,0.54,quiet_corner,E4.1,4,0.75,4,False
6,0.54,wet_gloves,E4b.1,4,1.00,4,False
6,0.55,deliveries,E4.1,4,0.50,3,False
6,0.55,quiet_corner,E4.1,4,0.75,4,False
6,0.55,wet_gloves,E4b.1,4,1.00,4,False
6,0.56,deliveries,E4.1,4,0.50,3,False
6,0.56,quiet_corner,E4.1,4,0.75,4,False
6,0.56,wet_gloves,E4b.1,4,1.00,4,False
6,0.57,deliveries,E4.1,4,0.50,3,False
6,0.57,quiet_corner,E4.1,4,0.75,4,False
6,0.57,wet_gloves,E4b.1,4,1.00,4,False
6,0.58,deliveries,E4.1,4,0.50,3,False
6,0.58,quiet_corner,E4.1,4,0.75,4,False
6,0.58,wet_gloves,E4b.1,4,1.00,4,False
6,0.59,deliveries,E4.1,4,0.50,3,False
6,0.59,quiet_corner,E4.1,4,0.75,4,False
6,0.59,wet_gloves,E4b.1,4,1.00,4,False
6,0.60,deliveries,E4.1,4,0.50,3,False
6,0.60,quiet_corner,E4.1,4,0.75,4,False
6,0.60,wet_gloves,E4b.1,4,1.00,4,False
6,0.61,deliveries,E4.1,4,0.50,3,False
6,0.61,quiet_corner,E4.1,4,0.75,4,False
6,0.61,wet_gloves,E4b.1,4,1.00,4,False
6,0.62,deliveries,E4.1,4,0.50,3,False
6,0.62,quiet_corner,E4.1,4,0.75,4,False
6,0.62,wet_gloves,E4b.1,4,1.00,4,False
6,0.63,deliveries,E4.1,4,0.50,3,False
6,0.63,quiet_corner,E4.1,4,0.75,4,False
6,0.63,wet_gloves,E4b.1,4,1.00,4,False
6,0.64,deliveries,E4.1,4,0.50,3,False
6,0.64,quiet_corner,E4.1,4,0.75,4,False
6,0.64,wet_gloves,E4b.1,4,1.00,4,False
6,0.65,deliveries,E4.1,4,0.50,3,False
6,0.65,quiet_corner,E4.1,4,0.75,4,False
6,0.65,wet_gloves,E4b.1,4,1.00,4,False
6,0.66,deliveries,E4.1,4,0.50,3,False
6,0.66,quiet_corner,E4.1,4,0.75,4,False
6,0.66,wet_gloves,E4b.1,4,1.00,4,False
6,0.67,deliveries,E4.1,4,0.50,3,False
6,0.67,quiet_corner,E4.1,4,0.75,4,False
6,0.67,wet_gloves,E4b.1,4,1.00,4,False
6,0.68,deliveries,E4.1,4,0.50,3,False
6,0.68,quiet_corner,E4.1,4,0.75,4,False
6,0.68,wet_gloves,E4b.1,4,1.00,4,False
6,0.69,deliveries,E4.1,4,0.50,3,False
6,0.69,quiet_corner,E4.1,4,0.75,4,False
6,0.69,wet_gloves,E4b.1,4,1.00,4,False
6,0.70,deliveries,E4.1,4,0.50,3,False
6,0.70,quiet_corner,E4.1,4,0.75,4,False
6,0.70,wet_gloves,E4b.1,4,1.00,4,False
6,0.71,deliveries,E4.1,4,0.50,3,False
6,0.71,quiet_corner,E4.1,4,0.75,4,False
6,0.71,wet_gloves,E4b.1,4,1.00,4,False
6,0.72,deliveries,E4.1,4,0.50,3,False
6,0.72,quiet_corner,E4.1,4,0.75,4,False
6,0.72,wet_gloves,E4b.1,4,1.00,4,False
6,0.73,deliveries,E4.1,4,0.50,3,False
6,0.73,quiet_corner,E4.1,4,0.75,4,False
6,0.73,wet_gloves,E4b.1,4,1.00,4,False
6,0.74,deliveries,E4.1,4,0.50,3,False
6,0.74,quiet_corner,E4.1,4,0.75,4,False
6,0.74,wet_gloves,E4b.1,4,1.00,4,False
6,0.75,deliveries,E4.1,4,0.50,3,False
6,0.75,quiet_corner,E4.1,4,0.75,4,False
6,0.75,wet_gloves,E4b.1,4,1.00,4,False
6,0.76,deliveries,E4.1,4,0.50,3,False
6,0.76,quiet_corner,E4.1,4,0.75,4,False
6,0.76,wet_gloves,E4b.1,4,1.00,4,False
6,0.77,deliveries,E4.1,4,0.50,3,False
6,0.77,quiet_corner,E4.1,4,0.75,4,False
6,0.77,wet_gloves,E4b.1,4,1.00,4,False
6,0.78,deliveries,E4.1,4,0.50,3,False
6,0.78,quiet_corner,E4.1,4,0.75,4,False
6,0.78,wet_gloves,E4b.1,4,1.00,4,False
6,0.79,deliveries,E4.1,4,0.50,3,False
6,0.79,quiet_corner,E4.1,4,0.75,4,False
6,0.79,wet_gloves,E4b.1,4,1.00,4,False
6,0.80,deliveries,E4.1,4,0.50,3,False
6,0.80,quiet_corner,E4.1,4,0.75,4,False
6,0.80,wet_gloves,E4b.1,4,1.00,4,False
6,0.81,deliveries,E4.1,4,0.50,3,False
6,0.81,quiet_corner,E4.1,4,0.75,4,False
6,0.81,wet_gloves,E4b.1,4,1.00,4,False
6,0.82,deliveries,E4.1,4,0.50,3,False
6,0.82,quiet_corner,E4.1,4,0.75,4,False
6,0.82,wet_gloves,E4b.1,4,1.00,4,False
6,0.83,deliveries,E4.1,4,0.50,3,False
6,0.83,quiet_corner,E4.1,4,0.75,4,False
6,0.83,wet_gloves,E4b.1,4,1.00,4,False
6,0.84,deliveries,E4.1,4,0.50,3,False
6,0.84,quiet_corner,E4.1,4,0.75,4,False
6,0.84,wet_gloves,E4b.1,4,1.00,4,False
6,0.85,deliveries,E4.1,4,0.50,3,False
6,0.85,quiet_corner,E4.1,4,0.75,4,False
6,0.85,wet_gloves,E4b.1,4,1.00,4,False
6,0.86,deliveries,E4.1,4,0.50,3,False
6,0.86,quiet_corner,E4.1,4,0.75,4,False
6,0.86,wet_gloves,E4b.1,4,1.00,4,False
6,0.87,deliveries,E4.1,4,0.50,3,False
6,0.87,quiet_corner,E4.1,4,0.75,4,False
6,0.87,wet_gloves,E4b.1,4,1.00,4,False
6,0.88,deliveries,E4.1,4,0.50,3,False
6,0.88,quiet_corner,E4.1,4,0.75,4,False
6,0.88,wet_gloves,E4b.1,4,1.00,4,False
6,0.89,deliveries,E4.1,4,0.50,3,False
6,0.89,quiet_corner,E4.1,4,0.75,4,False
6,0.89,wet_gloves,E4b.1,4,1.00,4,False
6,0.90,deliveries,E4.1,4,0.50,3,False
6,0.90,quiet_corner,E4.1,4,0.75,4,False
6,0.90,wet_gloves,E4b.1,4,1.00,4,False
6,0.91,deliveries,E4.1,4,0.50,3,False
6,0.91,quiet_corner,E4.1,4,0.75,4,False
6,0.91,wet_gloves,E4b.1,4,1.00,4,False
6,0.92,deliveries,E4.1,4,0.50,3,False
6,0.92,quiet_corner,E4.1,4,0.75,4,False
6,0.92,wet_gloves,E4b.1,4,1.00,4,False
6,0.93,deliveries,E4.1,4,0.50,3,False
6,0.93,quiet_corner,E4.1,4,0.75,4,False
6,0.93,wet_gloves,E4b.1,4,1.00,4,False
6,0.94,deliveries,E4.1,4,0.50,3,False
6,0.94,quiet_corner,E4.1,4,0.75,4,False
6,0.94,wet_gloves,E4b.1,4,1.00,4,False
6,0.95,deliveries,E4.1,4,0.50,3,False
6,0.95,quiet_corner,E4.1,4,0.75,4,False
6,0.95,wet_gloves,E4b.1,4,1.00,4,False
6,0.96,deliveries,E4.1,4,0.50,3,False
6,0.96,quiet_corner,E4.1,4,0.75,4,False
6,0.96,wet_gloves,E4b.1,4,1.00,4,False
6,0.97,deliveries,E4.1,4,0.50,3,False
6,0.97,quiet_corner,E4.1,4,0.75,4,False
6,0.97,wet_gloves,E4b.1,4,1.00,4,False
6,0.98,deliveries,E4.1,4,0.50,3,False
6,0.98,quiet_corner,E4.1,4,0.75,4,False
6,0.98,wet_gloves,E4b.1,4,1.00,4,False
6,0.99,deliveries,E4.1,4,0.50,3,False
6,0.99,quiet_corner,E4.1,4,0.75,4,False
6,0.99,wet_gloves,E4b.1,4,1.00,4,False
6,1.00,deliveries,E4.1,4,0.50,3,False
6,1.00,quiet_corner,E4.1,4,0.75,4,False
6,1.00,wet_gloves,E4b.1,4,1.00,4,False
