min_frequency,consistency_threshold,promoted_count,promoted_candidates
1,0.00,3,"[""deliveries"", ""quiet_corner"", ""wet_gloves""]"
1,0.01,3,"[""deliveries"", ""quiet_corner"", ""wet_gloves""]"
1,0.02,3,"[""deliveries"", ""quiet_corner"", ""wet_gloves""]"
1,0.03,3,"[""deliveries"", ""quiet_corner"", ""wet_gloves""]"
1,0.04,3,"[""deliveries"", ""quiet_corner"", ""wet_gloves""]"
1,0.05,3,"[""deliveries"", ""quiet_corner"", ""wet_gloves""]"
1,0.06,3,"[""deliveries"", ""quiet_corner"", ""wet_gloves""]"
1,0.07,3,"[""deliveries"", ""quiet_corner"", ""wet_gloves""]"
1,0.08,3,"[""deliveries"", ""quiet_corner"", ""wet_gloves""]"
1,0.09,3,"[""deliveries"", ""quiet_corner"", ""wet_gloves""]"
1,0.10,3,"[""deliveries"", ""quiet_corner"", ""wet_gloves""]"
1,0.11,3,"[""deliveries"", ""quiet_corner"", ""wet_gloves""]"
1,0.12,3,"[""deliveries"", ""quiet_corner"", ""wet_gloves""]"
1,0.13,3,"[""deliveries"", ""quiet_corner"", ""wet_gloves""]"
1,0.14,3,"[""deliveries"", ""quiet_corner"", ""wet_gloves""]"
1,0.15,3,"[""deliveries"", ""quiet_corner"", ""wet_gloves""]"
1,0.16,3,"[""deliveries"", ""quiet_corner"", ""wet_gloves""]"
1,0.17,3,"[""deliveries"", ""quiet_corner"", ""wet_gloves""]"
1,0.18,3,"[""deliveries"", ""quiet_corner"", ""wet_gloves""]"
1,0.19,3,"[""deliveries"", ""quiet_corner"", ""wet_gloves""]"
1,0.20,3,"[""deliveries"", ""quiet_corner"", ""wet_gloves""]"
1,0.21,3,"[""deliveries"", ""quiet_corner"", ""wet_gloves""]"
1,0.22,3,"[""deliveries"", ""quiet_corner"", ""wet_gloves""]"
1,0.23,3,"[""deliveries"", ""quiet_corner"", ""wet_gloves""]"
1,0.24,3,"[""deliveries"", ""quiet_corner"", ""wet_gloves""]"
1,0.25,3,"[""deliveries"", ""quiet_corner"", ""wet_gloves""]"
1,0.26,3,"[""deliveries"", ""quiet_corner"", ""wet_gloves""]"
1,0.27,3,"[""deliveries"", ""quiet_corner"", ""wet_gloves""]"
1,0.28,3,"[""deliveries"", ""quiet_corner"", ""wet_gloves""]"
1,0.29,3,"[""deliveries"", ""quiet_corner"", ""wet_gloves""]"
1,0.30,3,"[""deliveries"", ""quiet_corner"", ""wet_gloves""]"
1,0.31,3,"[""deliveries"", ""quiet_corner"", ""wet_gloves""]"
1,0.32,3,"[""deliveries"", ""quiet_corner"", ""wet_gloves""]"
1,0.33,3,"[""deliveries"", ""quiet_corner"", ""wet_gloves""]"
1,0.34,3,"[""deliveries"", ""quiet_corner"", ""wet_gloves""]"
1,0.35,3,"[""deliveries"", ""quiet_corner"", ""wet_gloves""]"
1,0.36,3,"[""deliveries"", ""quiet_corner"", ""wet_gloves""]"
1,0.37,3,"[""deliveries"", ""quiet_corner"", ""wet_gloves""]"
1,0.38,3,"[""deliveries"", ""quiet_corner"", ""wet_gloves""]"
1,0.39,3,"[""deliveries"", ""quiet_corner"", ""wet_gloves""]"
1,0.40,3,"[""deliveries"", ""quiet_corner"", ""wet_gloves""]"
1,0.41,3,"[""deliveries"", ""quiet_corner"", ""wet_gloves""]"
1,0.42,3,"[""deliveries"", ""quiet_corner"", ""wet_gloves""]"
1,0.43,3,"[""deliveries"", ""quiet_corner"", ""wet_gloves""]"
1,0.44,3,"[""deliveries"", ""quiet_corner"", ""wet_gloves""]"
1,0.45,3,"[""deliveries"", ""quiet_corner"", ""wet_gloves""]"
1,0.46,3,"[""deliveries"", ""quiet_corner"", ""wet_gloves""]"
1,0.47,3,"[""deliveries"", ""quiet_corner"", ""wet_gloves""]"
1,0.48,3,"[""deliveries"", ""quiet_corner"", ""wet_gloves""]"
1,0.49,3,"[""deliveries"", ""quiet_corner"", ""wet_gloves""]"
1,0.50,3,"[""deliveries"", ""quiet_corner"", ""wet_gloves""]"
1,0.51,2,"[""quiet_corner"", ""wet_gloves""]"
1,0.52,2,"[""quiet_corner"", ""wet_gloves""]"
1,0.53,2,"[""quiet_corner"", ""wet_gloves""]"
1,0.54,2,"[""quiet_corner"", ""wet_gloves""]"
1,0.55,2,"[""quiet_corner"", ""wet_gloves""]"
1,0.56,2,"[""quiet_corner"", ""wet_gloves""]"
1,0.57,2,"[""quiet_corner"", ""wet_gloves""]"
1,0.58,2,"[""quiet_corner"", ""wet_gloves""]"
1,0.59,2,"[""quiet_corner"", ""wet_gloves""]"
1,0.60,2,"[""quiet_corner"", ""wet_gloves""]"
1,0.61,2,"[""quiet_corner"", ""wet_gloves""]"
1,0.62,2,"[""quiet_corner"", ""wet_gloves""]"
1,0.63,2,"[""quiet_corner"", ""wet_gloves""]"
1,0.64,2,"[""quiet_corner"", ""wet_gloves""]"
1,0.65,2,"[""quiet_corner"", ""wet_gloves""]"
1,0.66,2,"[""quiet_corner"", ""wet_gloves""]"
1,0.67,2,"[""quiet_corner"", ""wet_gloves""]"
1,0.68,2,"[""quiet_corner"", ""wet_gloves""]"
1,0.69,2,"[""quiet_corner"", ""wet_gloves""]"
1,0.70,2,"[""quiet_corner"", ""wet_gloves""]"
1,0.71,2,"[""quiet_corner"", ""wet_gloves""]"
1,0.72,2,"[""quiet_corner"", ""wet_gloves""]"
1,0.73,2,"[""quiet_corner"", ""wet_gloves""]"
1,0.74,2,"[""quiet_corner"", ""wet_gloves""]"
1,0.75,2,"[""quiet_corner"", ""wet_gloves""]"
1,0.76,1,"[""wet_gloves""]"
1,0.77,1,"[""wet_gloves""]"
1,0.78,1,"[""wet_gloves""]"
1,0.79,1,"[""wet_gloves""]"
1,0.80,1,"[""wet_gloves""]"
1,0.81,1,"[""wet_gloves""]"
1,0.82,1,"[""wet_gloves""]"
1,0.83,1,"[""wet_gloves""]"
1,0.84,1,"[""wet_gloves""]"
1,0.85,1,"[""wet_gloves""]"
1,0.86,1,"[""wet_gloves""]"
1,0.87,1,"[""wet_gloves""]"
1,0.88,1,"[""wet_gloves""]"
1,0.89,1,"[""wet_gloves""]"
1,0.90,1,"[""wet_gloves""]"
1,0.91,1,"[""wet_gloves""]"
1,0.92,1,"[""wet_gloves""]"
1,0.93,1,"[""wet_gloves""]"
1,0.94,1,"[""wet_gloves""]"
1,0.95,1,"[""wet_gloves""]"
1,0.96,1,"[""wet_gloves""]"
1,0.97,1,"[""wet_gloves""]"
1,0.98,1,"[""wet_gloves""]"
1,0.99,1,"[""wet_gloves""]"
1,1.00,1,"[""wet_gloves""]"
2,0.00,3,"[""deliveries"", ""quiet_corner"", ""wet_gloves""]"
2,0.01,3,"[""deliveries"", ""quiet_corner"", ""wet_gloves""]"
2,0.02,3,"[""deliveries"", ""quiet_corner"", ""wet_gloves""]"
2,0.03,3,"[""deliveries"", ""quiet_corner"", ""wet_gloves""]"
2,0.04,3,"[""deliveries"", ""quiet_corner"", ""wet_gloves""]"
2,0.05,3,"[""deliveries"", ""quiet_corner"", ""wet_gloves""]"
2,0.06,3,"[""deliveries"", ""quiet_corner"", ""wet_gloves""]"
2,0.07,3,"[""deliveries"", ""quiet_corner"", ""wet_gloves""]"
2,0.08,3,"[""deliveries"", ""quiet_corner"", ""wet_gloves""]"
2,0.09,3,"[""deliveries"", ""quiet_corner"", ""wet_gloves""]"
2,0.10,3,"[""deliveries"", ""quiet_corner"", ""wet_gloves""]"
2,0.11,3,"[""deliveries"", ""quiet_corner"", ""wet_gloves""]"
2,0.12,3,"[""deliveries"", ""quiet_corner"", ""wet_gloves""]"
2,0.13,3,"[""deliveries"", ""quiet_corner"", ""wet_gloves""]"
2,0.14,3,"[""deliveries"", ""quiet_corner"", ""wet_gloves""]"
2,0.15,3,"[""deliveries"", ""quiet_corner"", ""wet_gloves""]"
2,0.16,3,"[""deliveries"", ""quiet_corner"", ""wet_gloves""]"
2,0.17,3,"[""deliveries"", ""quiet_corner"", ""wet_gloves""]"
2,0.18,3,"[""deliveries"", ""quiet_corner"", ""wet_gloves""]"
2,0.19,3,"[""deliveries"", ""quiet_corner"", ""wet_gloves""]"
2,0.20,3,"[""deliveries"", ""quiet_corner"", ""wet_gloves""]"
2,0.21,3,"[""deliveries"", ""quiet_corner"", ""wet_gloves""]"
2,0.22,3,"[""deliveries"", ""quiet_corner"", ""wet_gloves""]"
2,0.23,3,"[""deliveries"", ""quiet_corner"", ""wet_gloves""]"
2,0.24,3,"[""deliveries"", ""quiet_corner"", ""wet_gloves""]"
2,0.25,3,"[""deliveries"", ""quiet_corner"", ""wet_gloves""]"
2,0.26,3,"[""deliveries"", ""quiet_corner"", ""wet_gloves""]"
2,0.27,3,"[""deliveries"", ""quiet_corner"", ""wet_gloves""]"
2,0.28,3,"[""deliveries"", ""quiet_corner"", ""wet_gloves""]"
2,0.29,3,"[""deliveries"", ""quiet_corner"", ""wet_gloves""]"
2,0.30,3,"[""deliveries"", ""quiet_corner"", ""wet_gloves""]"
2,0.31,3,"[""deliveries"", ""quiet_corner"", ""wet_gloves""]"
2,0.32,3,"[""deliveries"", ""quiet_corner"", ""wet_gloves""]"
2,0.33,3,"[""deliveries"", ""quiet_corner"", ""wet_gloves""]"
2,0.34,3,"[""deliveries"", ""quiet_corner"", ""wet_gloves""]"
2,0.35,3,"[""deliveries"", ""quiet_corner"", ""wet_gloves""]"
2,0.36,3,"[""deliveries"", ""quiet_corner"", ""wet_gloves""]"
2,0.37,3,"[""deliveries"", ""quiet_corner"", ""wet_gloves""]"
2,0.38,3,"[""deliveries"", ""quiet_corner"", ""wet_gloves""]"
2,0.39,3,"[""deliveries"", ""quiet_corner"", ""wet_gloves""]"
2,0.40,3,"[""deliveries"", ""quiet_corner"", ""wet_gloves""]"
2,0.41,3,"[""deliveries"", ""quiet_corner"", ""wet_gloves""]"
2,0.42,3,"[""deliveries"", ""quiet_corner"", ""wet_gloves""]"
2,0.43,3,"[""deliveries"", ""quiet_corner"", ""wet_gloves""]"
2,0.44,3,"[""deliveries"", ""quiet_corner"", ""wet_gloves""]"
2,0.45,3,"[""deliveries"", ""quiet_corner"", ""wet_gloves""]"
2,0.46,3,"[""deliveries"", ""quiet_corner"", ""wet_gloves""]"
2,0.47,3,"[""deliveries"", ""quiet_corner"", ""wet_gloves""]"
2,0.48,3,"[""deliveries"", ""quiet_corner"", ""wet_gloves""]"
2,0.49,3,"[""deliveries"", ""quiet_corner"", ""wet_gloves""]"
2,0.50,3,"[""deliveries"", ""quiet_corner"", ""wet_gloves""]"
2,0.51,2,"[""quiet_corner"", ""wet_gloves""]"
2,0.52,2,"[""quiet_corner"", ""wet_gloves""]"
2,0.53,2,"[""quiet_corner"", ""wet_gloves""]"
2,0.54,2,"[""quiet_corner"", ""wet_gloves""]"
2,0.55,2,"[""quiet_corner"", ""wet_gloves""]"
2,0.56,2,"[""quiet_corner"", ""wet_gloves""]"
2,0.57,2,"[""quiet_corner"", ""wet_gloves""]"
2,0.58,2,"[""quiet_corner"", ""wet_gloves""]"
2,0.59,2,"[""quiet_corner"", ""wet_gloves""]"
2,0.60,2,"[""quiet_corner"", ""wet_gloves""]"
2,0.61,2,"[""quiet_corner"", ""wet_gloves""]"
2,0.62,2,"[""quiet_corner"", ""wet_gloves""]"
2,0.63,2,"[""quiet_corner"", ""wet_gloves""]"
2,0.64,2,"[""quiet_corner"", ""wet_gloves""]"
2,0.65,2,"[""quiet_corner"", ""wet_gloves""]"
2,0.66,2,"[""quiet_corner"", ""wet_gloves""]"
2,0.67,2,"[""quiet_corner"", ""wet_gloves""]"
2,0.68,2,"[""quiet_corner"", ""wet_gloves""]"
2,0.69,2,"[""quiet_corner"", ""wet_gloves""]"
2,0.70,2,"[""quiet_corner"", ""wet_gloves""]"
2,0.71,2,"[""quiet_corner"", ""wet_gloves""]"
2,0.72,2,"[""quiet_corner"", ""wet_gloves""]"
2,0.73,2,"[""quiet_corner"", ""wet_gloves""]"
2,0.74,2,"[""quiet_corner"", ""wet_gloves""]"
2,0.75,2,"[""quiet_corner"", ""wet_gloves""]"
2,0.76,1,"[""wet_gloves""]"
2,0.77,1,"[""wet_gloves""]"
2,0.78,1,"[""wet_gloves""]"
2,0.79,1,"[""wet_gloves""]"
2,0.80,1,"[""wet_gloves""]"
2,0.81,1,"[""wet_gloves""]"
2,0.82,1,"[""wet_gloves""]"
2,0.83,1,"[""wet_gloves""]"
2,0.84,1,"[""wet_gloves""]"
2,0.85,1,"[""wet_gloves""]"
2,0.86,1,"[""wet_gloves""]"
2,0.87,1,"[""wet_gloves""]"
2,0.88,1,"[""wet_gloves""]"
2,0.89,1,"[""wet_gloves""]"
2,0.90,1,"[""wet_gloves""]"
2,0.91,1,"[""wet_gloves""]"
2,0.92,1,"[""wet_gloves""]"
2,0.93,1,"[""wet_gloves""]"
2,0.94,1,"[""wet_gloves""]"
2,0.95,1,"[""wet_gloves""]"
2,0.96,1,"[""wet_gloves""]"
2,0.97,1,"[""wet_gloves""]"
2,0.98,1,"[""wet_gloves""]"
2,0.99,1,"[""wet_gloves""]"
2,1.00,1,"[""wet_gloves""]"
3,0.00,3,"[""deliveries"", ""quiet_corner"", ""wet_gloves""]"
3,0.01,3,"[""deliveries"", ""quiet_corner"", ""wet_gloves""]"
3,0.02,3,"[""deliveries"", ""quiet_corner"", ""wet_gloves""]"
3,0.03,3,"[""deliveries"", ""quiet_corner"", ""wet_gloves""]"
3,0.04,3,"[""deliveries"", ""quiet_corner"", ""wet_gloves""]"
3,0.05,3,"[""deliveries"", ""quiet_corner"", ""wet_gloves""]"
3,0.06,3,"[""deliveries"", ""quiet_corner"", ""wet_gloves""]"
3,0.07,3,"[""deliveries"", ""quiet_corner"", ""wet_gloves""]"
3,0.08,3,"[""deliveries"", ""quiet_corner"", ""wet_gloves""]"
3,0.09,3,"[""deliveries"", ""quiet_corner"", ""wet_gloves""]"
3,0.10,3,"[""deliveries"", ""quiet_corner"", ""wet_gloves""]"
3,0.11,3,"[""deliveries"", ""quiet_corner"", ""wet_gloves""]"
3,0.12,3,"[""deliveries"", ""quiet_corner"", ""wet_gloves""]"
3,0.13,3,"[""deliveries"", ""quiet_corner"", ""wet_gloves""]"
3,0.14,3,"[""deliveries"", ""quiet_corner"", ""wet_gloves""]"
3,0.15,3,"[""deliveries"", ""quiet_corner"", ""wet_gloves""]"
3,0.16,3,"[""deliveries"", ""quiet_corner"", ""wet_gloves""]"
3,0.17,3,"[""deliveries"", ""quiet_corner"", ""wet_gloves""]"
3,0.18,3,"[""deliveries"", ""quiet_corner"", ""wet_gloves""]"
3,0.19,3,"[""deliveries"", ""quiet_corner"", ""wet_gloves""]"
3,0.20,3,"[""deliveries"", ""quiet_corner"", ""wet_gloves""]"
3,0.21,3,"[""deliveries"", ""quiet_corner"", ""wet_gloves""]"
3,0.22,3,"[""deliveries"", ""quiet_corner"", ""wet_gloves""]"
3,0.23,3,"[""deliveries"", ""quiet_corner"", ""wet_gloves""]"
3,0.24,3,"[""deliveries"", ""quiet_corner"", ""wet_gloves""]"
3,0.25,3,"[""deliveries"", ""quiet_corner"", ""wet_gloves""]"
3,0.26,3,"[""deliveries"", ""quiet_corner"", ""wet_gloves""]"
3,0.27,3,"[""deliveries"", ""quiet_corner"", ""wet_gloves""]"
3,0.28,3,"[""deliveries"", ""quiet_corner"", ""wet_gloves""]"
3,0.29,3,"[""deliveries"", ""quiet_corner"", ""wet_gloves""]"
3,0.30,3,"[""deliveries"", ""quiet_corner"", ""wet_gloves""]"
3,0.31,3,"[""deliveries"", ""quiet_corner"", ""wet_gloves""]"
3,0.32,3,"[""deliveries"", ""quiet_corner"", ""wet_gloves""]"
3,0.33,3,"[""deliveries"", ""quiet_corner"", ""wet_gloves""]"
3,0.34,3,"[""deliveries"", ""quiet_corner"", ""wet_gloves""]"
3,0.35,3,"[""deliveries"", ""quiet_corner"", ""wet_gloves""]"
3,0.36,3,"[""deliveries"", ""quiet_corner"", ""wet_gloves""]"
3,0.37,3,"[""deliveries"", ""quiet_corner"", ""wet_gloves""]"
3,0.38,3,"[""deliveries"", ""quiet_corner"", ""wet_gloves""]"
3,0.39,3,"[""deliveries"", ""quiet_corner"", ""wet_gloves""]"
3,0.40,3,"[""deliveries"", ""quiet_corner"", ""wet_gloves""]"
3,0.41,3,"[""deliveries"", ""quiet_corner"", ""wet_gloves""]"
3,0.42,3,"[""deliveries"", ""quiet_corner"", ""wet_gloves""]"
3,0.43,3,"[""deliveries"", ""quiet_corner"", ""wet_gloves""]"
3,0.44,3,"[""deliveries"", ""quiet_corner"", ""wet_gloves""]"
3,0.45,3,"[""deliveries"", ""quiet_corner"", ""wet_gloves""]"
3,0.46,3,"[""deliveries"", ""quiet_corner"", ""wet_gloves""]"
3,0.47,3,"[""deliveries"", ""quiet_corner"", ""wet_gloves""]"
3,0.48,3,"[""deliveries"", ""quiet_corner"", ""wet_gloves""]"
3,0.49,3,"[""deliveries"", ""quiet_corner"", ""wet_gloves""]"
3,0.50,3,"[""deliveries"", ""quiet_corner"", ""wet_gloves""]"
3,0.51,2,"[""quiet_corner"", ""wet_gloves""]"
3,0.52,2,"[""quiet_corner"", ""wet_gloves""]"
3,0.53,2,"[""quiet_corner"", ""wet_gloves""]"
3,0.54,2,"[""quiet_corner"", ""wet_gloves""]"
3,0.55,2,"[""quiet_corner"", ""wet_gloves""]"
3,0.56,2,"[""quiet_corner"", ""wet_gloves""]"
3,0.57,2,"[""quiet_corner"", ""wet_gloves""]"
3,0.58,2,"[""quiet_corner"", ""wet_gloves""]"
3,0.59,2,"[""quiet_corner"", ""wet_gloves""]"
3,0.60,2,"[""quiet_corner"", ""wet_gloves""]"
3,0.61,2,"[""quiet_corner"", ""wet_gloves""]"
3,0.62,2,"[""quiet_corner"", ""wet_gloves""]"
3,0.63,2,"[""quiet_corner"", ""wet_gloves""]"
3,0.64,2,"[""quiet_corner"", ""wet_gloves""]"
3,0.65,2,"[""quiet_corner"", ""wet_gloves""]"
3,0.66,2,"[""quiet_corner"", ""wet_gloves""]"
3,0.67,2,"[""quiet_corner"", ""wet_gloves""]"
3,0.68,2,"[""quiet_corner"", ""wet_gloves""]"
3,0.69,2,"[""quiet_corner"", ""wet_gloves""]"
3,0.70,2,"[""quiet_corner"", ""wet_gloves""]"
3,0.71,2,"[""quiet_corner"", ""wet_gloves""]"
3,0.72,2,"[""quiet_corner"", ""wet_gloves""]"
3,0.73,2,"[""quiet_corner"", ""wet_gloves""]"
3,0.74,2,"[""quiet_corner"", ""wet_gloves""]"
3,0.75,2,"[""quiet_corner"", ""wet_gloves""]"
3,0.76,1,"[""wet_gloves""]"
3,0.77,1,"[""wet_gloves""]"
3,0.78,1,"[""wet_gloves""]"
3,0.79,1,"[""wet_gloves""]"
3,0.80,1,"[""wet_gloves""]"
3,0.81,1,"[""wet_gloves""]"
3,0.82,1,"[""wet_gloves""]"
3,0.83,1,"[""wet_gloves""]"
3,0.84,1,"[""wet_gloves""]"
3,0.85,1,"[""wet_gloves""]"
3,0.86,1,"[""wet_gloves""]"
3,0.87,1,"[""wet_gloves""]"
3,0.88,1,"[""wet_gloves""]"
3,0.89,1,"[""wet_gloves""]"
3,0.90,1,"[""wet_gloves""]"
3,0.91,1,"[""wet_gloves""]"
3,0.92,1,"[""wet_gloves""]"
3,0.93,1,"[""wet_gloves""]"
3,0.94,1,"[""wet_gloves""]"
3,0.95,1,"[""wet_gloves""]"
3,0.96,1,"[""wet_gloves""]"
3,0.97,1,"[""wet_gloves""]"
3,0.98,1,"[""wet_gloves""]"
3,0.99,1,"[""wet_gloves""]"
3,1.00,1,"[""wet_gloves""]"
4,0.00,3,"[""deliveries"", ""quiet_corner"", ""wet_gloves""]"
4,0.01,3,"[""deliveries"", ""quiet_corner"", ""wet_gloves""]"
4,0.02,3,"[""deliveries"", ""quiet_corner"", ""wet_gloves""]"
4,0.03,3,"[""deliveries"", ""quiet_corner"", ""wet_gloves""]"
4,0.04,3,"[""deliveries"", ""quiet_corner"", ""wet_gloves""]"
4,0.05,3,"[""deliveries"", ""quiet_corner"", ""wet_gloves""]"
4,0.06,3,"[""deliveries"", ""quiet_corner"", ""wet_gloves""]"
4,0.07,3,"[""deliveries"", ""quiet_corner"", ""wet_gloves""]"
4,0.08,3,"[""deliveries"", ""quiet_corner"", ""wet_gloves""]"
4,0.09,3,"[""deliveries"", ""quiet_corner"", ""wet_gloves""]"
4,0.10,3,"[""deliveries"", ""quiet_corner"", ""wet_gloves""]"
4,0.11,3,"[""deliveries"", ""quiet_corner"", ""wet_gloves""]"
4,0.12,3,"[""deliveries"", ""quiet_corner"", ""wet_gloves""]"
4,0.13,3,"[""deliveries"", ""quiet_corner"", ""wet_gloves""]"
4,0.14,3,"[""deliveries"", ""quiet_corner"", ""wet_gloves""]"
4,0.15,3,"[""deliveries"", ""quiet_corner"", ""wet_gloves""]"
4,0.16,3,"[""deliveries"", ""quiet_corner"", ""wet_gloves""]"
4,0.17,3,"[""deliveries"", ""quiet_corner"", ""wet_gloves""]"
4,0.18,3,"[""deliveries"", ""quiet_corner"", ""wet_gloves""]"
4,0.19,3,"[""deliveries"", ""quiet_corner"", ""wet_gloves""]"
4,0.20,3,"[""deliveries"", ""quiet_corner"", ""wet_gloves""]"
4,0.21,3,"[""deliveries"", ""quiet_corner"", ""wet_gloves""]"
4,0.22,3,"[""deliveries"", ""quiet_corner"", ""wet_gloves""]"
4,0.23,3,"[""deliveries"", ""quiet_corner"", ""wet_gloves""]"
4,0.24,3,"[""deliveries"", ""quiet_corner"", ""wet_gloves""]"
4,0.25,3,"[""deliveries"", ""quiet_corner"", ""wet_gloves""]"
4,0.26,3,"[""deliveries"", ""quiet_corner"", ""wet_gloves""]"
4,0.27,3,"[""deliveries"", ""quiet_corner"", ""wet_gloves""]"
4,0.28,3,"[""deliveries"", ""quiet_corner"", ""wet_gloves""]"
4,0.29,3,"[""deliveries"", ""quiet_corner"", ""wet_gloves""]"
4,0.30,3,"[""deliveries"", ""quiet_corner"", ""wet_gloves""]"
4,0.31,3,"[""deliveries"", ""quiet_corner"", ""wet_gloves""]"
4,0.32,3,"[""deliveries"", ""quiet_corner"", ""wet_gloves""]"
4,0.33,3,"[""deliveries"", ""quiet_corner"", ""wet_gloves""]"
4,0.34,3,"[""deliveries"", ""quiet_corner"", ""wet_gloves""]"
4,0.35,3,"[""deliveries"", ""quiet_corner"", ""wet_gloves""]"
4,0.36,3,"[""deliveries"", ""quiet_corner"", ""wet_gloves""]"
4,0.37,3,"[""deliveries"", ""quiet_corner"", ""wet_gloves""]"
4,0.38,3,"[""deliveries"", ""quiet_corner"", ""wet_gloves""]"
4,0.39,3,"[""deliveries"", ""quiet_corner"", ""wet_gloves""]"
4,0.40,3,"[""deliveries"", ""quiet_corner"", ""wet_gloves""]"
4,0.41,3,"[""deliveries"", ""quiet_corner"", ""wet_gloves""]"
4,0.42,3,"[""deliveries"", ""quiet_corner"", ""wet_gloves""]"
4,0.43,3,"[""deliveries"", ""quiet_corner"", ""wet_gloves""]"
4,0.44,3,"[""deliveries"", ""quiet_corner"", ""wet_gloves""]"
4,0.45,3,"[""deliveries"", ""quiet_corner"", ""wet_gloves""]"
4,0.46,3,"[""deliveries"", ""quiet_corner"", ""wet_gloves""]"
4,0.47,3,"[""deliveries"", ""quiet_corner"", ""wet_gloves""]"
4,0.48,3,"[""deliveries"", ""quiet_corner"", ""wet_gloves""]"
4,0.49,3,"[""deliveries"", ""quiet_corner"", ""wet_gloves""]"
4,0.50,3,"[""deliveries"", ""quiet_corner"", ""wet_gloves""]"
4,0.51,2,"[""quiet_corner"", ""wet_gloves""]"
4,0.52,2,"[""quiet_corner"", ""wet_gloves""]"
4,0.53,2,"[""quiet_corner"", ""wet_gloves""]"
4,0.54,2,"[""quiet_corner"", ""wet_gloves""]"
4,0.55,2,"[""quiet_corner"", ""wet_gloves""]"
4,0.56,2,"[""quiet_corner"", ""wet_gloves""]"
4,0.57,2,"[""quiet_corner"", ""wet_gloves""]"
4,0.58,2,"[""quiet_corner"", ""wet_gloves""]"
4,0.59,2,"[""quiet_corner"", ""wet_gloves""]"
4,0.60,2,"[""quiet_corner"", ""wet_gloves""]"
4,0.61,2,"[""quiet_corner"", ""wet_gloves""]"
4,0.62,2,"[""quiet_corner"", ""wet_gloves""]"
4,0.63,2,"[""quiet_corner"", ""wet_gloves""]"
4,0.64,2,"[""quiet_corner"", ""wet_gloves""]"
4,0.65,2,"[""quiet_corner"", ""wet_gloves""]"
4,0.66,2,"[""quiet_corner"", ""wet_gloves""]"
4,0.67,2,"[""quiet_corner"", ""wet_gloves""]"
4,0.68,2,"[""quiet_corner"", ""wet_gloves""]"
4,0.69,2,"[""quiet_corner"", ""wet_gloves""]"
4,0.70,2,"[""quiet_corner"", ""wet_gloves""]"
4,0.71,2,"[""quiet_corner"", ""wet_gloves""]"
4,0.72,2,"[""quiet_corner"", ""wet_gloves""]"
4,0.73,2,"[""quiet_corner"", ""wet_gloves""]"
4,0.74,2,"[""quiet_corner"", ""wet_gloves""]"
4,0.75,2,"[""quiet_corner"", ""wet_gloves""]"
4,0.76,1,"[""wet_gloves""]"
4,0.77,1,"[""wet_gloves""]"
4,0.78,1,"[""wet_gloves""]"
4,0.79,1,"[""wet_gloves""]"
4,0.80,1,"[""wet_gloves""]"
4,0.81,1,"[""wet_gloves""]"
4,0.82,1,"[""wet_gloves""]"
4,0.83,1,"[""wet_gloves""]"
4,0.84,1,"[""wet_gloves""]"
4,0.85,1,"[""wet_gloves""]"
4,0.86,1,"[""wet_gloves""]"
4,0.87,1,"[""wet_gloves""]"
4,0.88,1,"[""wet_gloves""]"
4,0.89,1,"[""wet_gloves""]"
4,0.90,1,"[""wet_gloves""]"
4,0.91,1,"[""wet_gloves""]"
4,0.92,1,"[""wet_gloves""]"
4,0.93,1,"[""wet_gloves""]"
4,0.94,1,"[""wet_gloves""]"
4,0.95,1,"[""wet_gloves""]"
4,0.96,1,"[""wet_gloves""]"
4,0.97,1,"[""wet_gloves""]"
4,0.98,1,"[""wet_gloves""]"
4,0.99,1,"[""wet_gloves""]"
4,1.00,1,"[""wet_gloves""]"
5,0.00,0,[]
5,0.01,0,[]
5,0.02,0,[]
5,0.03,0,[]
5,0.04,0,[]
5,0.05,0,[]
5,0.06,0,[]
5,0.07,0,[]
5,0.08,0,[]
5,0.09,0,[]
5,0.10,0,[]
5,0.11,0,[]
5,0.12,0,[]
5,0.13,0,[]
5,0.14,0,[]
5,0.15,0,[]
5,0.16,0,[]
5,0.17,0,[]
5,0.18,0,[]
5,0.19,0,[]
5,0.20,0,[]
5,0.21,0,[]
5,0.22,0,[]
5,0.23,0,[]
5,0.24,0,[]
5,0.25,0,[]
5,0.26,0,[]
5,0.27,0,[]
5,0.28,0,[]
5,0.29,0,[]
5,0.30,0,[]
5,0.31,0,[]
5,0.32,0,[]
5,0.33,0,[]
5,0.34,0,[]
5,0.35,0,[]
5,0.36,0,[]
5,0.37,0,[]
5,0.38,0,[]
5,0.39,0,[]
5,0.40,0,[]
5,0.41,0,[]
5,0.42,0,[]
5,0.43,0,[]
5,0.44,0,[]
5,0.45,0,[]
5,0.46,0,[]
5,0.47,0,[]
5,0.48,0,[]
5,0.49,0,[]
5,0.50,0,[]
5,0.51,0,[]
5,0.52,0,[]
5,0.53,0,[]
5,0.54,0,[]
5,0.55,0,[]
5,0.56,0,[]
5,0.57,0,[]
5,0.58,0,[]
5,0.59,0,[]
5,0.60,0,[]
5,0.61,0,[]
5,0.62,0,[]
5,0.63,0,[]
5,0.64,0,[]
5,0.65,0,[]
5,0.66,0,[]
5,0.67,0,[]
5,0.68,0,[]
5,0.69,0,[]
5,0.70,0,[]
5,0.71,0,[]
5,0.72,0,[]
5,0.73,0,[]
5,0.74,0,[]
5,0.75,0,[]
5,0.76,0,[]
5,0.77,0,[]
5,0.78,0,[]
5,0.79,0,[]
5,0.80,0,[]
5,0.81,0,[]
5,0.82,0,[]
5,0.83,0,[]
5,0.84,0,[]
5,0.85,0,[]
5,0.86,0,[]
5,0.87,0,[]
5,0.88,0,[]
5,0.89,0,[]
5,0.90,0,[]
5,0.91,0,[]
5,0.92,0,[]
5,0.93,0,[]
5,0.94,0,[]
5,0.95,0,[]
5,0.96,0,[]
5,0.97,0,[]
5,0.98,0,[]
5,0.99,0,[]
5,1.00,0,[]
6,0.00,0,[]
6,0.01,0,[]
6,0.02,0,[]
6,0.03,0,[]
6,0.04,0,[]
6,0.05,0,[]
6,0.06,0,[]
6,0.07,0,[]
6,0.08,0,[]
6,0.09,0,[]
6,0.10,0,[]
6,0.11,0,[]
6,0.12,0,[]
6,0.13,0,[]
6,0.14,0,[]
6,0.15,0,[]
6,0.16,0,[]
6,0.17,0,[]
6,0.18,0,[]
6,0.19,0,[]
6,0.20,0,[]
6,0.21,0,[]
6,0.22,0,[]
6,0.23,0,[]
6,0.24,0,[]
6,0.25,0,[]
6,0.26,0,[]
6,0.27,0,[]
6,0.28,0,[]
6,0.29,0,[]
6,0.30,0,[]
6,0.31,0,[]
6,0.32,0,[]
6,0.33,0,[]
6,0.34,0,[]
6,0.35,0,[]
6,0.36,0,[]
6,0.37,0,[]
6,0.38,0,[]
6,0.39,0,[]
6,0.40,0,[]
6,0.41,0,[]
6,0.42,0,[]
6,0.43,0,[]
6,0.44,0,[]
6,0.45,0,[]
6,0.46,0,[]
6,0.47,0,[]
6,0.48,0,[]
6,0.49,0,[]
6,0.50,0,[]
6,0.51,0,[]
6,0.52,0,[]
6,0.53,0,[]
6,0.54,0,[]
6,0.55,0,[]
6,0.56,0,[]
6,0.57,0,[]
6,0.58,0,[]
6,0.59,0,[]
6,0.60,0,[]
6,0.61,0,[]
6,0.62,0,[]
6,0.63,0,[]
6,0.64,0,[]
6,0.65,0,[]
6,0.66,0,[]
6,0.67,0,[]
6,0.68,0,[]
6,0.69,0,[]
6,0.70,0,[]
6,0.71,0,[]
6,0.72,0,[]
6,0.73,0,[]
6,0.74,0,[]
6,0.75,0,[]
6,0.76,0,[]
6,0.77,0,[]
6,0.78,0,[]
6,0.79,0,[]
6,0.80,0,[]
6,0.81,0,[]
6,0.82,0,[]
6,0.83,0,[]
6,0.84,0,[]
6,0.85,0,[]
6,0.86,0,[]
6,0.87,0,[]
6,0.88,0,[]
6,0.89,0,[]
6,0.90,0,[]
6,0.91,0,[]
6,0.92,0,[]
6,0.93,0,[]
6,0.94,0,[]
6,0.95,0,[]
6,0.96,0,[]
6,0.97,0,[]
6,0.98,0,[]
6,0.99,0,[]
6,1.00,0,[]
