record_key,audit_file,record_seq,experiment_id,semantic_intent_id,instruction_text,digest_content_md5,m3_preferences_count,negated,negation_markers,candidate_nodes,top_node,top_score,runner_up_node,runner_up_score,gap,matched_example,observed_resolution_step,observed_node_id,expected_node_id,nominal_status,nominal_node
day1_20260820/logs/audit_20260820_122950.jsonl#1,day1_20260820/logs/audit_20260820_122950.jsonl,1,E1,SW00,go to node 0,0fd61f9e82e8fe6991f0311014384e0c,6,False,,5,14,0.0,0,0.0,0.0,"It is too hot in here, take me somewhere I can get some fresh air",1,0,0,abstain_below_threshold,
day1_20260820/logs/audit_20260820_123127.jsonl#1,day1_20260820/logs/audit_20260820_123127.jsonl,1,E1,SW01,go to node 1,0fd61f9e82e8fe6991f0311014384e0c,6,False,,5,14,0.0,0,0.0,0.0,"It is too hot in here, take me somewhere I can get some fresh air",1,1,1,abstain_below_threshold,
day1_20260820/logs/audit_20260820_123233.jsonl#1,day1_20260820/logs/audit_20260820_123233.jsonl,1,E1,SW02,go to node 2,0fd61f9e82e8fe6991f0311014384e0c,6,False,,5,14,0.0,0,0.0,0.0,"It is too hot in here, take me somewhere I can get some fresh air",1,2,2,abstain_below_threshold,
day1_20260820/logs/audit_20260820_123335.jsonl#1,day1_20260820/logs/audit_20260820_123335.jsonl,1,E1,SW04,go to node 4,0fd61f9e82e8fe6991f0311014384e0c,6,False,,5,14,0.0,0,0.0,0.0,"It is too hot in here, take me somewhere I can get some fresh air",1,4,4,abstain_below_threshold,
day1_20260820/logs/audit_20260820_123503.jsonl#1,day1_20260820/logs/audit_20260820_123503.jsonl,1,E1,SW05,go to node 5,0fd61f9e82e8fe6991f0311014384e0c,6,False,,5,14,0.0,0,0.0,0.0,"It is too hot in here, take me somewhere I can get some fresh air",1,5,5,abstain_below_threshold,
day1_20260820/logs/audit_20260820_123638.jsonl#1,day1_20260820/logs/audit_20260820_123638.jsonl,1,E1,SW08,go to node 8,0fd61f9e82e8fe6991f0311014384e0c,6,False,,5,14,0.0,0,0.0,0.0,"It is too hot in here, take me somewhere I can get some fresh air",1,8,8,abstain_below_threshold,
day1_20260820/logs/audit_20260820_124328.jsonl#1,day1_20260820/logs/audit_20260820_124328.jsonl,1,E1,SW09,go to node 9,0fd61f9e82e8fe6991f0311014384e0c,6,False,,5,14,0.0,0,0.0,0.0,"It is too hot in here, take me somewhere I can get some fresh air",1,9,9,abstain_below_threshold,
day1_20260820/logs/audit_20260820_124531.jsonl#1,day1_20260820/logs/audit_20260820_124531.jsonl,1,E1,SW13,go to node 13,0fd61f9e82e8fe6991f0311014384e0c,6,False,,5,14,0.0,0,0.0,0.0,"It is too hot in here, take me somewhere I can get some fresh air",1,13,13,abstain_below_threshold,
day1_20260820/logs/audit_20260820_124642.jsonl#1,day1_20260820/logs/audit_20260820_124642.jsonl,1,E1,SW14,go to node 14,0fd61f9e82e8fe6991f0311014384e0c,6,False,,5,14,0.0,0,0.0,0.0,"It is too hot in here, take me somewhere I can get some fresh air",1,14,14,abstain_below_threshold,
day1_20260820/logs/audit_20260820_125530.jsonl#1,day1_20260820/logs/audit_20260820_125530.jsonl,1,E1,SW14,go to node 14,0fd61f9e82e8fe6991f0311014384e0c,6,False,,5,14,0.0,0,0.0,0.0,"It is too hot in here, take me somewhere I can get some fresh air",1,14,14,abstain_below_threshold,
day1_20260820/logs/audit_20260820_125656.jsonl#1,day1_20260820/logs/audit_20260820_125656.jsonl,1,E1,SW15,go to node 15,0fd61f9e82e8fe6991f0311014384e0c,6,False,,5,14,0.0,0,0.0,0.0,"It is too hot in here, take me somewhere I can get some fresh air",1,15,15,abstain_below_threshold,
day1_20260820/logs/audit_20260820_125656.jsonl#2,day1_20260820/logs/audit_20260820_125656.jsonl,2,E1,SW15,go to node 15,0fd61f9e82e8fe6991f0311014384e0c,6,False,,5,14,0.0,0,0.0,0.0,"It is too hot in here, take me somewhere I can get some fresh air",1,15,15,abstain_below_threshold,
day1_20260820/logs/audit_20260820_125656.jsonl#3,day1_20260820/logs/audit_20260820_125656.jsonl,3,E1,SW15,go to node 15,0fd61f9e82e8fe6991f0311014384e0c,6,False,,5,14,0.0,0,0.0,0.0,"It is too hot in here, take me somewhere I can get some fresh air",1,15,15,abstain_below_threshold,
day1_20260820/logs/audit_20260820_125837.jsonl#1,day1_20260820/logs/audit_20260820_125837.jsonl,1,E1,SW19,go to node 19,0fd61f9e82e8fe6991f0311014384e0c,6,False,,5,14,0.0,0,0.0,0.0,"It is too hot in here, take me somewhere I can get some fresh air",1,19,19,abstain_below_threshold,
day1_20260820/logs/audit_20260820_125951.jsonl#1,day1_20260820/logs/audit_20260820_125951.jsonl,1,E1,SW20,go to node 20,0fd61f9e82e8fe6991f0311014384e0c,6,False,,5,14,0.0,0,0.0,0.0,"It is too hot in here, take me somewhere I can get some fresh air",1,20,20,abstain_below_threshold,
day1_20260820/logs/audit_20260820_130207.jsonl#1,day1_20260820/logs/audit_20260820_130207.jsonl,1,E1,SW21,go to node 21,0fd61f9e82e8fe6991f0311014384e0c,6,False,,5,14,0.0,0,0.0,0.0,"It is too hot in here, take me somewhere I can get some fresh air",1,21,21,abstain_below_threshold,
day1_20260820/logs/audit_20260820_130331.jsonl#1,day1_20260820/logs/audit_20260820_130331.jsonl,1,E1,SW22,go to node 22,0fd61f9e82e8fe6991f0311014384e0c,6,False,,5,14,0.0,0,0.0,0.0,"It is too hot in here, take me somewhere I can get some fresh air",1,22,22,abstain_below_threshold,
day1_20260820/logs/audit_20260820_130509.jsonl#1,day1_20260820/logs/audit_20260820_130509.jsonl,1,E1,SW23,go to node 23,0fd61f9e82e8fe6991f0311014384e0c,6,False,,5,14,0.0,0,0.0,0.0,"It is too hot in here, take me somewhere I can get some fresh air",1,23,23,abstain_below_threshold,
day1_20260820/logs/audit_20260820_140042.jsonl#1,day1_20260820/logs/audit_20260820_140042.jsonl,1,E1,E1bP,"the washroom got on fire, help me find something to stop the fire",0fd61f9e82e8fe6991f0311014384e0c,6,False,,5,8,1.0,14,0.0,1.0,"the washroom got on fire, help me find something to stop the fire",0,8,8,accept,8
day1_20260820/logs/audit_20260820_140207.jsonl#1,day1_20260820/logs/audit_20260820_140207.jsonl,1,E1,E1bP,"the washroom got on fire, help me find something to stop the fire",0fd61f9e82e8fe6991f0311014384e0c,6,False,,5,8,1.0,14,0.0,1.0,"the washroom got on fire, help me find something to stop the fire",0,8,8,accept,8
day1_20260820/logs/audit_20260820_141007.jsonl#1,day1_20260820/logs/audit_20260820_141007.jsonl,1,E1,E1bP,"the washroom got on fire, help me find something to stop the fire",0fd61f9e82e8fe6991f0311014384e0c,6,False,,5,8,1.0,14,0.0,1.0,"the washroom got on fire, help me find something to stop the fire",0,8,8,accept,8
day1_20260820/logs/audit_20260820_141131.jsonl#1,day1_20260820/logs/audit_20260820_141131.jsonl,1,E1,E1bP,"the washroom got on fire, help me find something to stop the fire",0fd61f9e82e8fe6991f0311014384e0c,6,False,,5,8,1.0,14,0.0,1.0,"the washroom got on fire, help me find something to stop the fire",0,8,8,accept,8
day1_20260820/logs/audit_20260820_141656.jsonl#1,day1_20260820/logs/audit_20260820_141656.jsonl,1,E1,E1bA,"the washroom got on fire, help me find something to stop the fire",0fd61f9e82e8fe6991f0311014384e0c,6,False,,5,8,1.0,14,0.0,1.0,"the washroom got on fire, help me find something to stop the fire",0,8,8,accept,8
day1_20260820/logs/audit_20260820_141906.jsonl#1,day1_20260820/logs/audit_20260820_141906.jsonl,1,E1,E1bA,"the washroom got on fire, help me find something to stop the fire",0fd61f9e82e8fe6991f0311014384e0c,6,False,,5,8,1.0,14,0.0,1.0,"the washroom got on fire, help me find something to stop the fire",0,8,8,accept,8
day1_20260820/logs/audit_20260820_142701.jsonl#1,day1_20260820/logs/audit_20260820_142701.jsonl,1,E1,E1bA,"the washroom got on fire, help me find something to stop the fire",0fd61f9e82e8fe6991f0311014384e0c,6,False,,5,8,1.0,14,0.0,1.0,"the washroom got on fire, help me find something to stop the fire",0,8,8,accept,8
day1_20260820/logs/audit_20260820_142805.jsonl#1,day1_20260820/logs/audit_20260820_142805.jsonl,1,E1,E1bA,"the washroom got on fire, help me find something to stop the fire",0fd61f9e82e8fe6991f0311014384e0c,6,False,,5,8,1.0,14,0.0,1.0,"the washroom got on fire, help me find something to stop the fire",0,8,8,accept,8
day1_20260820/logs/audit_20260820_143504.jsonl#1,day1_20260820/logs/audit_20260820_143504.jsonl,1,E1,E1c,go to lab_cb204,0fd61f9e82e8fe6991f0311014384e0c,6,False,,5,14,0.0,0,0.0,0.0,"It is too hot in here, take me somewhere I can get some fresh air",2,5,5,abstain_below_threshold,
day1_20260820/logs/audit_20260820_143557.jsonl#1,day1_20260820/logs/audit_20260820_143557.jsonl,1,E1,E1c,go to lab_cb204,0fd61f9e82e8fe6991f0311014384e0c,6,False,,5,14,0.0,0,0.0,0.0,"It is too hot in here, take me somewhere I can get some fresh air",2,5,5,abstain_below_threshold,
day1_20260820/logs/audit_20260820_143644.jsonl#1,day1_20260820/logs/audit_20260820_143644.jsonl,1,E1,E1c,go to lab_cb204,0fd61f9e82e8fe6991f0311014384e0c,6,False,,5,14,0.0,0,0.0,0.0,"It is too hot in here, take me somewhere I can get some fresh air",2,5,5,abstain_below_threshold,
day1_20260820/logs/audit_20260820_143732.jsonl#1,day1_20260820/logs/audit_20260820_143732.jsonl,1,E1,E1c,go to lab_cb204,0fd61f9e82e8fe6991f0311014384e0c,6,False,,5,14,0.0,0,0.0,0.0,"It is too hot in here, take me somewhere I can get some fresh air",2,5,5,abstain_below_threshold,
day1_20260820/logs/audit_20260820_144036.jsonl#1,day1_20260820/logs/audit_20260820_144036.jsonl,1,E1,E1c,go to lab_cb204,0fd61f9e82e8fe6991f0311014384e0c,6,False,,5,14,0.0,0,0.0,0.0,"It is too hot in here, take me somewhere I can get some fresh air",2,5,5,abstain_below_threshold,
day1_20260820/logs/audit_20260820_144134.jsonl#1,day1_20260820/logs/audit_20260820_144134.jsonl,1,E1,E1c,go to lab_cb204,0fd61f9e82e8fe6991f0311014384e0c,6,False,,5,14,0.0,0,0.0,0.0,"It is too hot in here, take me somewhere I can get some fresh air",2,5,5,abstain_below_threshold,
day1_20260820/logs/audit_20260820_144235.jsonl#1,day1_20260820/logs/audit_20260820_144235.jsonl,1,E1,E1c,go to lab_cb204,0fd61f9e82e8fe6991f0311014384e0c,6,False,,5,14,0.0,0,0.0,0.0,"It is too hot in here, take me somewhere I can get some fresh air",2,5,5,abstain_below_threshold,
day1_20260820/logs/audit_20260820_144319.jsonl#1,day1_20260820/logs/audit_20260820_144319.jsonl,1,E1,E1c,go to lab_cb204,0fd61f9e82e8fe6991f0311014384e0c,6,False,,5,14,0.0,0,0.0,0.0,"It is too hot in here, take me somewhere I can get some fresh air",2,5,5,abstain_below_threshold,
day1_20260820/logs/audit_20260820_144526.jsonl#1,day1_20260820/logs/audit_20260820_144526.jsonl,1,E1,E1d,Take me to the closest plant,0fd61f9e82e8fe6991f0311014384e0c,6,False,,5,9,0.16666666666666666,0,0.125,0.04166666666666666,Take me somewhere I can sit and relax,6,19,,abstain_below_threshold,
day1_20260820/logs/audit_20260820_144633.jsonl#1,day1_20260820/logs/audit_20260820_144633.jsonl,1,E1,E1d,Take me to the closest plant,0fd61f9e82e8fe6991f0311014384e0c,6,False,,5,9,0.16666666666666666,0,0.125,0.04166666666666666,Take me somewhere I can sit and relax,6,19,,abstain_below_threshold,
day1_20260820/logs/audit_20260820_145232.jsonl#1,day1_20260820/logs/audit_20260820_145232.jsonl,1,E1,E1d,Take me to the closest plant,0fd61f9e82e8fe6991f0311014384e0c,6,False,,5,9,0.16666666666666666,0,0.125,0.04166666666666666,Take me somewhere I can sit and relax,6,19,,abstain_below_threshold,
day1_20260820/logs/audit_20260820_145354.jsonl#1,day1_20260820/logs/audit_20260820_145354.jsonl,1,E1,E1d,Take me to the closest plant,0fd61f9e82e8fe6991f0311014384e0c,6,False,,5,9,0.16666666666666666,0,0.125,0.04166666666666666,Take me somewhere I can sit and relax,6,19,,abstain_below_threshold,
day1_20260820/logs/audit_20260820_145354.jsonl#2,day1_20260820/logs/audit_20260820_145354.jsonl,2,E1,E1d,Take me to the closest plant,0fd61f9e82e8fe6991f0311014384e0c,6,False,,5,9,0.16666666666666666,0,0.125,0.04166666666666666,Take me somewhere I can sit and relax,6,19,,abstain_below_threshold,
day1_20260820/logs/audit_20260820_150456.jsonl#1,day1_20260820/logs/audit_20260820_150456.jsonl,1,E2,N01,do not go to a place to take a short break for personal needs,0fd61f9e82e8fe6991f0311014384e0c,6,True,not,0,,,,,,,,5,,abstain_negation,
day1_20260820/logs/audit_20260820_150614.jsonl#1,day1_20260820/logs/audit_20260820_150614.jsonl,1,E2,N02,never go to a place to take a short break for personal needs,0fd61f9e82e8fe6991f0311014384e0c,6,True,never,0,,,,,,,,-1,,abstain_negation,
day1_20260820/logs/audit_20260820_150652.jsonl#1,day1_20260820/logs/audit_20260820_150652.jsonl,1,E2,N03,"no, go to a place to take a short break for personal needs",0fd61f9e82e8fe6991f0311014384e0c,6,True,no,0,,,,,,,,9,,abstain_negation,
day1_20260820/logs/audit_20260820_150808.jsonl#1,day1_20260820/logs/audit_20260820_150808.jsonl,1,E2,N04,I would not go to a place to take a short break for personal needs,0fd61f9e82e8fe6991f0311014384e0c,6,True,not,0,,,,,,,,-1,,abstain_negation,
day1_20260820/logs/audit_20260820_150840.jsonl#1,day1_20260820/logs/audit_20260820_150840.jsonl,1,E2,N05,we should not go to a place to take a short break for personal needs,0fd61f9e82e8fe6991f0311014384e0c,6,True,not,0,,,,,,,,-1,,abstain_negation,
day1_20260820/logs/audit_20260820_150904.jsonl#1,day1_20260820/logs/audit_20260820_150904.jsonl,1,E2,N06,you may not go to a place to take a short break for personal needs,0fd61f9e82e8fe6991f0311014384e0c,6,True,not,0,,,,,,,,-1,,abstain_negation,
day1_20260820/logs/audit_20260820_150931.jsonl#1,day1_20260820/logs/audit_20260820_150931.jsonl,1,E2,N07,it is not a place to take a short break for personal needs,0fd61f9e82e8fe6991f0311014384e0c,6,True,not,0,,,,,,,,9,,abstain_negation,
day1_20260820/logs/audit_20260820_151214.jsonl#1,day1_20260820/logs/audit_20260820_151214.jsonl,1,E2,N08,don't go to a place to take a short break for personal needs,0fd61f9e82e8fe6991f0311014384e0c,6,True,dont,0,,,,,,,,9,,abstain_negation,
day1_20260820/logs/audit_20260820_151349.jsonl#1,day1_20260820/logs/audit_20260820_151349.jsonl,1,E2,N09,Do not take me to the restroom,0fd61f9e82e8fe6991f0311014384e0c,6,True,not,0,,,,,,,,-1,,abstain_negation,
day1_20260820/logs/audit_20260820_151423.jsonl#1,day1_20260820/logs/audit_20260820_151423.jsonl,1,E2,N10,nu ma duce la toaleta,0fd61f9e82e8fe6991f0311014384e0c,6,True,nu,0,,,,,,,,-1,,abstain_negation,
day1_20260820/logs/audit_20260820_151458.jsonl#1,day1_20260820/logs/audit_20260820_151458.jsonl,1,E2,X01,take me anywhere except the restroom,0fd61f9e82e8fe6991f0311014384e0c,6,True,except,0,,,,,,,,9,,abstain_negation,
day1_20260820/logs/audit_20260820_151458.jsonl#2,day1_20260820/logs/audit_20260820_151458.jsonl,2,E2,X01,take me anywhere except the restroom,0fd61f9e82e8fe6991f0311014384e0c,6,True,except,0,,,,,,,,9,,abstain_negation,
day1_20260820/logs/audit_20260820_151704.jsonl#1,day1_20260820/logs/audit_20260820_151704.jsonl,1,E2,X02,take me somewhere other than the restroom,0fd61f9e82e8fe6991f0311014384e0c,6,True,other than,0,,,,,,,,-1,,abstain_negation,
day1_20260820/logs/audit_20260820_151743.jsonl#1,day1_20260820/logs/audit_20260820_151743.jsonl,1,E2,X03,"du-ma altundeva, nu la toaleta",0fd61f9e82e8fe6991f0311014384e0c,6,True,nu|altundeva,0,,,,,,,,,,abstain_negation,
day1_20260820/logs/audit_20260820_151916.jsonl#1,day1_20260820/logs/audit_20260820_151916.jsonl,1,E2,X04,go anywhere but cb204,0fd61f9e82e8fe6991f0311014384e0c,6,True,anywhere but,0,,,,,,,,9,,abstain_negation,
day1_20260820/logs/audit_20260820_152059.jsonl#1,day1_20260820/logs/audit_20260820_152059.jsonl,1,E2,X01,take me anywhere except the restroom,0fd61f9e82e8fe6991f0311014384e0c,6,True,except,0,,,,,,,,-1,,abstain_negation,
day1_20260820/logs/audit_20260820_152130.jsonl#1,day1_20260820/logs/audit_20260820_152130.jsonl,1,E2,X02,take me somewhere other than the restroom,0fd61f9e82e8fe6991f0311014384e0c,6,True,other than,0,,,,,,,,9,,abstain_negation,
day1_20260820/logs/audit_20260820_152237.jsonl#1,day1_20260820/logs/audit_20260820_152237.jsonl,1,E2,X03,"du-ma altundeva, nu la toaleta",0fd61f9e82e8fe6991f0311014384e0c,6,True,nu|altundeva,0,,,,,,,,9,,abstain_negation,
day1_20260820/logs/audit_20260820_152411.jsonl#1,day1_20260820/logs/audit_20260820_152411.jsonl,1,E2,X04,go anywhere but cb204,0fd61f9e82e8fe6991f0311014384e0c,6,True,anywhere but,0,,,,,,,,-1,,abstain_negation,
day1_20260820/logs/audit_20260820_152450.jsonl#1,day1_20260820/logs/audit_20260820_152450.jsonl,1,E2,C01,"lab cb203 got on fire, help me find something to stop the fire",0fd61f9e82e8fe6991f0311014384e0c,6,False,,5,8,0.625,14,0.0,0.625,"the washroom got on fire, help me find something to stop the fire",,8,23,abstain_below_threshold,
day1_20260820/logs/audit_20260820_152555.jsonl#1,day1_20260820/logs/audit_20260820_152555.jsonl,1,E2,C02,"lab cb204 got on fire, help me find something to stop the fire",0fd61f9e82e8fe6991f0311014384e0c,6,False,,5,8,0.625,14,0.0,0.625,"the washroom got on fire, help me find something to stop the fire",2,5,5,abstain_below_threshold,
day1_20260820/logs/audit_20260820_152656.jsonl#1,day1_20260820/logs/audit_20260820_152656.jsonl,1,E2,A01,go to a place to take a short break for personal needs,0fd61f9e82e8fe6991f0311014384e0c,6,False,,5,0,1.0,9,0.1111111111111111,0.8888888888888888,go to a place to take a short break for personal needs,0,0,0,accept,0
day1_20260820/logs/audit_20260820_152803.jsonl#1,day1_20260820/logs/audit_20260820_152803.jsonl,1,E2,A02,"the washroom got on fire, help me find something to stop the fire",0fd61f9e82e8fe6991f0311014384e0c,6,False,,5,8,1.0,14,0.0,1.0,"the washroom got on fire, help me find something to stop the fire",0,8,8,accept,8
day1_20260820/logs/audit_20260820_153008.jsonl#1,day1_20260820/logs/audit_20260820_153008.jsonl,1,E2,A03,go to cb204,0fd61f9e82e8fe6991f0311014384e0c,6,False,,5,14,0.0,0,0.0,0.0,"It is too hot in here, take me somewhere I can get some fresh air",2,5,5,abstain_below_threshold,
day1_20260820/logs/audit_20260820_153622.jsonl#1,day1_20260820/logs/audit_20260820_153622.jsonl,1,E2,N01,do not go to a place to take a short break for personal needs,0fd61f9e82e8fe6991f0311014384e0c,6,True,not,0,,,,,,,,-1,,abstain_negation,
day1_20260820/logs/audit_20260820_153654.jsonl#1,day1_20260820/logs/audit_20260820_153654.jsonl,1,E2,N02,never go to a place to take a short break for personal needs,0fd61f9e82e8fe6991f0311014384e0c,6,True,never,0,,,,,,,,-1,,abstain_negation,
day1_20260820/logs/audit_20260820_153723.jsonl#1,day1_20260820/logs/audit_20260820_153723.jsonl,1,E2,N03,"no, go to a place to take a short break for personal needs",0fd61f9e82e8fe6991f0311014384e0c,6,True,no,0,,,,,,,,9,,abstain_negation,
day1_20260820/logs/audit_20260820_153859.jsonl#1,day1_20260820/logs/audit_20260820_153859.jsonl,1,E2,N04,I would not go to a place to take a short break for personal needs,0fd61f9e82e8fe6991f0311014384e0c,6,True,not,0,,,,,,,,-1,,abstain_negation,
day1_20260820/logs/audit_20260820_153927.jsonl#1,day1_20260820/logs/audit_20260820_153927.jsonl,1,E2,N05,we should not go to a place to take a short break for personal needs,0fd61f9e82e8fe6991f0311014384e0c,6,True,not,0,,,,,,,,-1,,abstain_negation,
day1_20260820/logs/audit_20260820_153951.jsonl#1,day1_20260820/logs/audit_20260820_153951.jsonl,1,E2,N06,you may not go to a place to take a short break for personal needs,0fd61f9e82e8fe6991f0311014384e0c,6,True,not,0,,,,,,,,-1,,abstain_negation,
day1_20260820/logs/audit_20260820_154012.jsonl#1,day1_20260820/logs/audit_20260820_154012.jsonl,1,E2,N07,it is not a place to take a short break for personal needs,0fd61f9e82e8fe6991f0311014384e0c,6,True,not,0,,,,,,,,-1,,abstain_negation,
day1_20260820/logs/audit_20260820_154029.jsonl#1,day1_20260820/logs/audit_20260820_154029.jsonl,1,E2,N08,don't go to a place to take a short break for personal needs,0fd61f9e82e8fe6991f0311014384e0c,6,True,dont,0,,,,,,,,1,,abstain_negation,
day1_20260820/logs/audit_20260820_154142.jsonl#1,day1_20260820/logs/audit_20260820_154142.jsonl,1,E2,N09,Do not take me to the restroom,0fd61f9e82e8fe6991f0311014384e0c,6,True,not,0,,,,,,,,-1,,abstain_negation,
day1_20260820/logs/audit_20260820_154206.jsonl#1,day1_20260820/logs/audit_20260820_154206.jsonl,1,E2,N10,nu ma duce la toaleta,0fd61f9e82e8fe6991f0311014384e0c,6,True,nu,0,,,,,,,,-1,,abstain_negation,
day1_20260820/logs/audit_20260820_154234.jsonl#1,day1_20260820/logs/audit_20260820_154234.jsonl,1,E2,X01,take me anywhere except the restroom,0fd61f9e82e8fe6991f0311014384e0c,6,True,except,0,,,,,,,,,,abstain_negation,
day1_20260820/logs/audit_20260820_154348.jsonl#1,day1_20260820/logs/audit_20260820_154348.jsonl,1,E2,X02,take me somewhere other than the restroom,0fd61f9e82e8fe6991f0311014384e0c,6,True,other than,0,,,,,,,,-1,,abstain_negation,
day1_20260820/logs/audit_20260820_154422.jsonl#1,day1_20260820/logs/audit_20260820_154422.jsonl,1,E2,X03,"du-ma altundeva, nu la toaleta",0fd61f9e82e8fe6991f0311014384e0c,6,True,nu|altundeva,0,,,,,,,,,,abstain_negation,
day1_20260820/logs/audit_20260820_154520.jsonl#1,day1_20260820/logs/audit_20260820_154520.jsonl,1,E2,X04,go anywhere but cb204,0fd61f9e82e8fe6991f0311014384e0c,6,True,anywhere but,0,,,,,,,,15,,abstain_negation,
day1_20260820/logs/audit_20260820_154520.jsonl#2,day1_20260820/logs/audit_20260820_154520.jsonl,2,E2,X04,go anywhere but cb204,0fd61f9e82e8fe6991f0311014384e0c,6,True,anywhere but,0,,,,,,,,9,,abstain_negation,
day1_20260820/logs/audit_20260820_154745.jsonl#1,day1_20260820/logs/audit_20260820_154745.jsonl,1,E2,X04,go anywhere but cb204,0fd61f9e82e8fe6991f0311014384e0c,6,True,anywhere but,0,,,,,,,,-1,,abstain_negation,
day1_20260820/logs/audit_20260820_154819.jsonl#1,day1_20260820/logs/audit_20260820_154819.jsonl,1,E2,X01,take me anywhere except the restroom,0fd61f9e82e8fe6991f0311014384e0c,6,True,except,0,,,,,,,,-1,,abstain_negation,
day1_20260820/logs/audit_20260820_154847.jsonl#1,day1_20260820/logs/audit_20260820_154847.jsonl,1,E2,X02,take me somewhere other than the restroom,0fd61f9e82e8fe6991f0311014384e0c,6,True,other than,0,,,,,,,,-1,,abstain_negation,
day1_20260820/logs/audit_20260820_154912.jsonl#1,day1_20260820/logs/audit_20260820_154912.jsonl,1,E2,X03,"du-ma altundeva, nu la toaleta",0fd61f9e82e8fe6991f0311014384e0c,6,True,nu|altundeva,0,,,,,,,,,,abstain_negation,
day1_20260820/logs/audit_20260820_155021.jsonl#1,day1_20260820/logs/audit_20260820_155021.jsonl,1,E2,X04,go anywhere but cb204,0fd61f9e82e8fe6991f0311014384e0c,6,True,anywhere but,0,,,,,,,,-1,,abstain_negation,
day1_20260820/logs/audit_20260820_155048.jsonl#1,day1_20260820/logs/audit_20260820_155048.jsonl,1,E2,C01,"lab cb203 got on fire, help me find something to stop the fire",0fd61f9e82e8fe6991f0311014384e0c,6,False,,5,8,0.625,14,0.0,0.625,"the washroom got on fire, help me find something to stop the fire",,8,23,abstain_below_threshold,
day1_20260820/logs/audit_20260820_155138.jsonl#1,day1_20260820/logs/audit_20260820_155138.jsonl,1,E2,C02,"lab cb204 got on fire, help me find something to stop the fire",0fd61f9e82e8fe6991f0311014384e0c,6,False,,5,8,0.625,14,0.0,0.625,"the washroom got on fire, help me find something to stop the fire",2,5,5,abstain_below_threshold,
day1_20260820/logs/audit_20260820_155310.jsonl#1,day1_20260820/logs/audit_20260820_155310.jsonl,1,E2,A01,go to a place to take a short break for personal needs,0fd61f9e82e8fe6991f0311014384e0c,6,False,,5,0,1.0,9,0.1111111111111111,0.8888888888888888,go to a place to take a short break for personal needs,0,0,0,accept,0
day1_20260820/logs/audit_20260820_155407.jsonl#1,day1_20260820/logs/audit_20260820_155407.jsonl,1,E2,A02,"the washroom got on fire, help me find something to stop the fire",0fd61f9e82e8fe6991f0311014384e0c,6,False,,5,8,1.0,14,0.0,1.0,"the washroom got on fire, help me find something to stop the fire",0,8,8,accept,8
day1_20260820/logs/audit_20260820_155439.jsonl#1,day1_20260820/logs/audit_20260820_155439.jsonl,1,E2,A03,go to cb204,0fd61f9e82e8fe6991f0311014384e0c,6,False,,5,14,0.0,0,0.0,0.0,"It is too hot in here, take me somewhere I can get some fresh air",2,5,5,abstain_below_threshold,
day2_20260821/logs/audit_20260821_110624.jsonl#1,day2_20260821/logs/audit_20260821_110624.jsonl,1,E3,S1,go to a place to take a short break for personal needs,0fd61f9e82e8fe6991f0311014384e0c,6,False,,5,0,1.0,9,0.1111111111111111,0.8888888888888888,go to a place to take a short break for personal needs,0,0,0,accept,0
day2_20260821/logs/audit_20260821_110624.jsonl#2,day2_20260821/logs/audit_20260821_110624.jsonl,2,E3,S1,go to a place to take a short break for personal needs,0fd61f9e82e8fe6991f0311014384e0c,6,False,,5,0,1.0,9,0.1111111111111111,0.8888888888888888,go to a place to take a short break for personal needs,0,0,0,accept,0
day2_20260821/logs/audit_20260821_110814.jsonl#1,day2_20260821/logs/audit_20260821_110814.jsonl,1,E3,S2,"the washroom got on fire, help me find something to stop the fire",0fd61f9e82e8fe6991f0311014384e0c,6,False,,5,8,1.0,14,0.0,1.0,"the washroom got on fire, help me find something to stop the fire",0,8,8,accept,8
day2_20260821/logs/audit_20260821_110936.jsonl#1,day2_20260821/logs/audit_20260821_110936.jsonl,1,E3,S3,Take me somewhere I can sit and relax,0fd61f9e82e8fe6991f0311014384e0c,6,False,,5,9,1.0,14,0.2,0.8,Take me somewhere I can sit and relax,0,9,9,accept,9
day2_20260821/logs/audit_20260821_110936.jsonl#2,day2_20260821/logs/audit_20260821_110936.jsonl,2,E3,S3,Take me somewhere I can sit and relax,0fd61f9e82e8fe6991f0311014384e0c,6,False,,5,9,1.0,14,0.2,0.8,Take me somewhere I can sit and relax,0,9,9,accept,9
day2_20260821/logs/audit_20260821_111058.jsonl#1,day2_20260821/logs/audit_20260821_111058.jsonl,1,E3,S3o,"It is too hot in here, take me somewhere I can get some fresh air",0fd61f9e82e8fe6991f0311014384e0c,6,False,,5,14,1.0,9,0.2,0.8,"It is too hot in here, take me somewhere I can get some fresh air",0,14,14,accept,14
day2_20260821/logs/audit_20260821_111235.jsonl#1,day2_20260821/logs/audit_20260821_111235.jsonl,1,E3,S4,take me to cb204,0fd61f9e82e8fe6991f0311014384e0c,6,False,,5,9,0.2,0,0.14285714285714285,0.05714285714285716,Take me somewhere I can sit and relax,2,5,5,abstain_below_threshold,
day2_20260821/logs/audit_20260821_111411.jsonl#1,day2_20260821/logs/audit_20260821_111411.jsonl,1,E3,S5,take me to the nearest plant,0fd61f9e82e8fe6991f0311014384e0c,6,False,,5,9,0.16666666666666666,0,0.125,0.04166666666666666,Take me somewhere I can sit and relax,6,19,,abstain_below_threshold,
day2_20260821/logs/audit_20260821_111411.jsonl#2,day2_20260821/logs/audit_20260821_111411.jsonl,2,E3,S5,take me to the nearest plant,0fd61f9e82e8fe6991f0311014384e0c,6,False,,5,9,0.16666666666666666,0,0.125,0.04166666666666666,Take me somewhere I can sit and relax,6,19,,abstain_below_threshold,
day2_20260821/logs/audit_20260821_111411.jsonl#3,day2_20260821/logs/audit_20260821_111411.jsonl,3,E3,S5,take me to the nearest plant,0fd61f9e82e8fe6991f0311014384e0c,6,False,,5,9,0.16666666666666666,0,0.125,0.04166666666666666,Take me somewhere I can sit and relax,6,19,,abstain_below_threshold,
day2_20260821/logs/audit_20260821_111411.jsonl#4,day2_20260821/logs/audit_20260821_111411.jsonl,4,E3,S5,take me to the nearest plant,0fd61f9e82e8fe6991f0311014384e0c,6,False,,5,9,0.16666666666666666,0,0.125,0.04166666666666666,Take me somewhere I can sit and relax,6,19,,abstain_below_threshold,
day2_20260821/logs/audit_20260821_111411.jsonl#5,day2_20260821/logs/audit_20260821_111411.jsonl,5,E3,S5,take me to the nearest plant,0fd61f9e82e8fe6991f0311014384e0c,6,False,,5,9,0.16666666666666666,0,0.125,0.04166666666666666,Take me somewhere I can sit and relax,6,19,,abstain_below_threshold,
day2_20260821/logs/audit_20260821_111411.jsonl#6,day2_20260821/logs/audit_20260821_111411.jsonl,6,E3,S5,take me to the nearest plant,0fd61f9e82e8fe6991f0311014384e0c,6,False,,5,9,0.16666666666666666,0,0.125,0.04166666666666666,Take me somewhere I can sit and relax,6,19,,abstain_below_threshold,
day2_20260821/logs/audit_20260821_111601.jsonl#1,day2_20260821/logs/audit_20260821_111601.jsonl,1,E3,S6,go to lab_chair,0fd61f9e82e8fe6991f0311014384e0c,6,False,,5,14,0.0,0,0.0,0.0,"It is too hot in here, take me somewhere I can get some fresh air",3,15,15,abstain_below_threshold,
day2_20260821/logs/audit_20260821_111727.jsonl#1,day2_20260821/logs/audit_20260821_111727.jsonl,1,E3,S7,navigate to window_north,0fd61f9e82e8fe6991f0311014384e0c,6,False,,5,14,0.0,0,0.0,0.0,"It is too hot in here, take me somewhere I can get some fresh air",3,14,14,abstain_below_threshold,
day2_20260821/logs/audit_20260821_111905.jsonl#1,day2_20260821/logs/audit_20260821_111905.jsonl,1,E3,S8,take me to the women restroom,0fd61f9e82e8fe6991f0311014384e0c,6,False,,5,9,0.16666666666666666,0,0.125,0.04166666666666666,Take me somewhere I can sit and relax,4,4,4,abstain_below_threshold,
day2_20260821/logs/audit_20260821_112007.jsonl#1,day2_20260821/logs/audit_20260821_112007.jsonl,1,E3,S9,take me to the main entrance of lab CB203,0fd61f9e82e8fe6991f0311014384e0c,6,False,,5,9,0.125,0,0.1,0.024999999999999994,Take me somewhere I can sit and relax,4,22,22,abstain_below_threshold,
day2_20260821/logs/audit_20260821_112108.jsonl#1,day2_20260821/logs/audit_20260821_112108.jsonl,1,E3,S10,take me to the exit of lab CB203,0fd61f9e82e8fe6991f0311014384e0c,6,False,,5,9,0.14285714285714285,0,0.1111111111111111,0.031746031746031744,Take me somewhere I can sit and relax,4,23,23,abstain_below_threshold,
day2_20260821/logs/audit_20260821_112225.jsonl#1,day2_20260821/logs/audit_20260821_112225.jsonl,1,E3,S1,go to a place to take a short break for personal needs,0fd61f9e82e8fe6991f0311014384e0c,6,False,,5,0,1.0,9,0.1111111111111111,0.8888888888888888,go to a place to take a short break for personal needs,0,0,0,accept,0
day2_20260821/logs/audit_20260821_112314.jsonl#1,day2_20260821/logs/audit_20260821_112314.jsonl,1,E3,S10,take me to the exit of lab CB203,0fd61f9e82e8fe6991f0311014384e0c,6,False,,5,9,0.14285714285714285,0,0.1111111111111111,0.031746031746031744,Take me somewhere I can sit and relax,4,23,23,abstain_below_threshold,
day2_20260821/logs/audit_20260821_112534.jsonl#1,day2_20260821/logs/audit_20260821_112534.jsonl,1,E3,S9,take me to the main entrance of lab CB203,0fd61f9e82e8fe6991f0311014384e0c,6,False,,5,9,0.125,0,0.1,0.024999999999999994,Take me somewhere I can sit and relax,4,22,22,abstain_below_threshold,
day2_20260821/logs/audit_20260821_112657.jsonl#1,day2_20260821/logs/audit_20260821_112657.jsonl,1,E3,S8,take me to the women restroom,0fd61f9e82e8fe6991f0311014384e0c,6,False,,5,9,0.16666666666666666,0,0.125,0.04166666666666666,Take me somewhere I can sit and relax,4,4,4,abstain_below_threshold,
day2_20260821/logs/audit_20260821_112757.jsonl#1,day2_20260821/logs/audit_20260821_112757.jsonl,1,E3,S7,navigate to window_north,0fd61f9e82e8fe6991f0311014384e0c,6,False,,5,14,0.0,0,0.0,0.0,"It is too hot in here, take me somewhere I can get some fresh air",3,14,14,abstain_below_threshold,
day2_20260821/logs/audit_20260821_112926.jsonl#1,day2_20260821/logs/audit_20260821_112926.jsonl,1,E3,S6,go to lab_chair,0fd61f9e82e8fe6991f0311014384e0c,6,False,,5,14,0.0,0,0.0,0.0,"It is too hot in here, take me somewhere I can get some fresh air",3,15,15,abstain_below_threshold,
day2_20260821/logs/audit_20260821_113110.jsonl#1,day2_20260821/logs/audit_20260821_113110.jsonl,1,E3,S5,take me to the nearest plant,0fd61f9e82e8fe6991f0311014384e0c,6,False,,5,9,0.16666666666666666,0,0.125,0.04166666666666666,Take me somewhere I can sit and relax,6,19,,abstain_below_threshold,
day2_20260821/logs/audit_20260821_113258.jsonl#1,day2_20260821/logs/audit_20260821_113258.jsonl,1,E3,S4,take me to cb204,0fd61f9e82e8fe6991f0311014384e0c,6,False,,5,9,0.2,0,0.14285714285714285,0.05714285714285716,Take me somewhere I can sit and relax,2,5,5,abstain_below_threshold,
day2_20260821/logs/audit_20260821_113407.jsonl#1,day2_20260821/logs/audit_20260821_113407.jsonl,1,E3,S3o,"It is too hot in here, take me somewhere I can get some fresh air",0fd61f9e82e8fe6991f0311014384e0c,6,False,,5,14,1.0,9,0.2,0.8,"It is too hot in here, take me somewhere I can get some fresh air",0,14,14,accept,14
day2_20260821/logs/audit_20260821_113529.jsonl#1,day2_20260821/logs/audit_20260821_113529.jsonl,1,E3,S3,Take me somewhere I can sit and relax,0fd61f9e82e8fe6991f0311014384e0c,6,False,,5,9,1.0,14,0.2,0.8,Take me somewhere I can sit and relax,0,9,9,accept,9
day2_20260821/logs/audit_20260821_113623.jsonl#1,day2_20260821/logs/audit_20260821_113623.jsonl,1,E3,S2,"the washroom got on fire, help me find something to stop the fire",0fd61f9e82e8fe6991f0311014384e0c,6,False,,5,8,1.0,14,0.0,1.0,"the washroom got on fire, help me find something to stop the fire",0,8,8,accept,8
day2_20260821/logs/audit_20260821_113656.jsonl#1,day2_20260821/logs/audit_20260821_113656.jsonl,1,E3,S1,go to a place to take a short break for personal needs,0fd61f9e82e8fe6991f0311014384e0c,6,False,,5,0,1.0,9,0.1111111111111111,0.8888888888888888,go to a place to take a short break for personal needs,0,0,0,accept,0
day2_20260821/logs/audit_20260821_113738.jsonl#1,day2_20260821/logs/audit_20260821_113738.jsonl,1,E3,S1,go to a place to take a short break for personal needs,0fd61f9e82e8fe6991f0311014384e0c,6,False,,5,0,1.0,9,0.1111111111111111,0.8888888888888888,go to a place to take a short break for personal needs,0,0,0,accept,0
day2_20260821/logs/audit_20260821_115152.jsonl#1,day2_20260821/logs/audit_20260821_115152.jsonl,1,E3,S1,go to a place to take a short break for personal needs,0fd61f9e82e8fe6991f0311014384e0c,6,False,,5,0,1.0,9,0.1111111111111111,0.8888888888888888,go to a place to take a short break for personal needs,0,0,0,accept,0
day2_20260821/logs/audit_20260821_115254.jsonl#1,day2_20260821/logs/audit_20260821_115254.jsonl,1,E3,S2,"the washroom got on fire, help me find something to stop the fire",0fd61f9e82e8fe6991f0311014384e0c,6,False,,5,8,1.0,14,0.0,1.0,"the washroom got on fire, help me find something to stop the fire",0,8,8,accept,8
day2_20260821/logs/audit_20260821_115341.jsonl#1,day2_20260821/logs/audit_20260821_115341.jsonl,1,E3,S3,Take me somewhere I can sit and relax,0fd61f9e82e8fe6991f0311014384e0c,6,False,,5,9,1.0,14,0.2,0.8,Take me somewhere I can sit and relax,0,9,9,accept,9
day2_20260821/logs/audit_20260821_115538.jsonl#1,day2_20260821/logs/audit_20260821_115538.jsonl,1,E3,S3o,"It is too hot in here, take me somewhere I can get some fresh air",0fd61f9e82e8fe6991f0311014384e0c,6,False,,5,14,1.0,9,0.2,0.8,"It is too hot in here, take me somewhere I can get some fresh air",0,14,14,accept,14
day2_20260821/logs/audit_20260821_115711.jsonl#1,day2_20260821/logs/audit_20260821_115711.jsonl,1,E3,S4,take me to cb204,0fd61f9e82e8fe6991f0311014384e0c,6,False,,5,9,0.2,0,0.14285714285714285,0.05714285714285716,Take me somewhere I can sit and relax,2,5,5,abstain_below_threshold,
day2_20260821/logs/audit_20260821_115814.jsonl#1,day2_20260821/logs/audit_20260821_115814.jsonl,1,E3,S5,take me to the nearest plant,0fd61f9e82e8fe6991f0311014384e0c,6,False,,5,9,0.16666666666666666,0,0.125,0.04166666666666666,Take me somewhere I can sit and relax,6,19,,abstain_below_threshold,
day2_20260821/logs/audit_20260821_115924.jsonl#1,day2_20260821/logs/audit_20260821_115924.jsonl,1,E3,S6,go to lab_chair,0fd61f9e82e8fe6991f0311014384e0c,6,False,,5,14,0.0,0,0.0,0.0,"It is too hot in here, take me somewhere I can get some fresh air",3,15,15,abstain_below_threshold,
day2_20260821/logs/audit_20260821_120124.jsonl#1,day2_20260821/logs/audit_20260821_120124.jsonl,1,E3,S7,navigate to window_north,0fd61f9e82e8fe6991f0311014384e0c,6,False,,5,14,0.0,0,0.0,0.0,"It is too hot in here, take me somewhere I can get some fresh air",3,14,14,abstain_below_threshold,
day2_20260821/logs/audit_20260821_120305.jsonl#1,day2_20260821/logs/audit_20260821_120305.jsonl,1,E3,S8,take me to the women restroom,0fd61f9e82e8fe6991f0311014384e0c,6,False,,5,9,0.16666666666666666,0,0.125,0.04166666666666666,Take me somewhere I can sit and relax,4,4,4,abstain_below_threshold,
day2_20260821/logs/audit_20260821_120446.jsonl#1,day2_20260821/logs/audit_20260821_120446.jsonl,1,E3,S9,take me to the main entrance of lab CB203,0fd61f9e82e8fe6991f0311014384e0c,6,False,,5,9,0.125,0,0.1,0.024999999999999994,Take me somewhere I can sit and relax,4,22,22,abstain_below_threshold,
day2_20260821/logs/audit_20260821_120634.jsonl#1,day2_20260821/logs/audit_20260821_120634.jsonl,1,E3,S10,take me to the exit of lab CB203,0fd61f9e82e8fe6991f0311014384e0c,6,False,,5,9,0.14285714285714285,0,0.1111111111111111,0.031746031746031744,Take me somewhere I can sit and relax,4,23,23,abstain_below_threshold,
day2_20260821/logs/audit_20260821_120808.jsonl#1,day2_20260821/logs/audit_20260821_120808.jsonl,1,E3,S1,go to a place to take a short break for personal needs,0fd61f9e82e8fe6991f0311014384e0c,6,False,,5,0,1.0,9,0.1111111111111111,0.8888888888888888,go to a place to take a short break for personal needs,0,0,0,accept,0
day2_20260821/logs/audit_20260821_120902.jsonl#1,day2_20260821/logs/audit_20260821_120902.jsonl,1,E3,S10,take me to the exit of lab CB203,0fd61f9e82e8fe6991f0311014384e0c,6,False,,5,9,0.14285714285714285,0,0.1111111111111111,0.031746031746031744,Take me somewhere I can sit and relax,4,23,23,abstain_below_threshold,
day2_20260821/logs/audit_20260821_121016.jsonl#1,day2_20260821/logs/audit_20260821_121016.jsonl,1,E3,S9,take me to the main entrance of lab CB203,0fd61f9e82e8fe6991f0311014384e0c,6,False,,5,9,0.125,0,0.1,0.024999999999999994,Take me somewhere I can sit and relax,4,22,22,abstain_below_threshold,
day2_20260821/logs/audit_20260821_121153.jsonl#1,day2_20260821/logs/audit_20260821_121153.jsonl,1,E3,S8,take me to the women restroom,0fd61f9e82e8fe6991f0311014384e0c,6,False,,5,9,0.16666666666666666,0,0.125,0.04166666666666666,Take me somewhere I can sit and relax,4,4,4,abstain_below_threshold,
day2_20260821/logs/audit_20260821_121300.jsonl#1,day2_20260821/logs/audit_20260821_121300.jsonl,1,E3,S7,navigate to window_north,0fd61f9e82e8fe6991f0311014384e0c,6,False,,5,14,0.0,0,0.0,0.0,"It is too hot in here, take me somewhere I can get some fresh air",3,14,14,abstain_below_threshold,
day2_20260821/logs/audit_20260821_121432.jsonl#1,day2_20260821/logs/audit_20260821_121432.jsonl,1,E3,S6,go to lab_chair,0fd61f9e82e8fe6991f0311014384e0c,6,False,,5,14,0.0,0,0.0,0.0,"It is too hot in here, take me somewhere I can get some fresh air",3,15,15,abstain_below_threshold,
day2_20260821/logs/audit_20260821_121718.jsonl#1,day2_20260821/logs/audit_20260821_121718.jsonl,1,E3,S5,take me to the nearest plant,0fd61f9e82e8fe6991f0311014384e0c,6,False,,5,9,0.16666666666666666,0,0.125,0.04166666666666666,Take me somewhere I can sit and relax,6,19,,abstain_below_threshold,
day2_20260821/logs/audit_20260821_121837.jsonl#1,day2_20260821/logs/audit_20260821_121837.jsonl,1,E3,S4,take me to cb204,0fd61f9e82e8fe6991f0311014384e0c,6,False,,5,9,0.2,0,0.14285714285714285,0.05714285714285716,Take me somewhere I can sit and relax,2,5,5,abstain_below_threshold,
day2_20260821/logs/audit_20260821_122052.jsonl#1,day2_20260821/logs/audit_20260821_122052.jsonl,1,E3,S3o,"It is too hot in here, take me somewhere I can get some fresh air",0fd61f9e82e8fe6991f0311014384e0c,6,False,,5,14,1.0,9,0.2,0.8,"It is too hot in here, take me somewhere I can get some fresh air",0,14,14,accept,14
day2_20260821/logs/audit_20260821_122227.jsonl#1,day2_20260821/logs/audit_20260821_122227.jsonl,1,E3,S3,Take me somewhere I can sit and relax,0fd61f9e82e8fe6991f0311014384e0c,6,False,,5,9,1.0,14,0.2,0.8,Take me somewhere I can sit and relax,0,9,9,accept,9
day2_20260821/logs/audit_20260821_122328.jsonl#1,day2_20260821/logs/audit_20260821_122328.jsonl,1,E3,S2,"the washroom got on fire, help me find something to stop the fire",0fd61f9e82e8fe6991f0311014384e0c,6,False,,5,8,1.0,14,0.0,1.0,"the washroom got on fire, help me find something to stop the fire",0,8,8,accept,8
day2_20260821/logs/audit_20260821_122430.jsonl#1,day2_20260821/logs/audit_20260821_122430.jsonl,1,E3,S1,go to a place to take a short break for personal needs,0fd61f9e82e8fe6991f0311014384e0c,6,False,,5,0,1.0,9,0.1111111111111111,0.8888888888888888,go to a place to take a short break for personal needs,0,0,0,accept,0
day2_20260821/logs/audit_20260821_122544.jsonl#1,day2_20260821/logs/audit_20260821_122544.jsonl,1,E3,S1,go to a place to take a short break for personal needs,0fd61f9e82e8fe6991f0311014384e0c,6,False,,5,0,1.0,9,0.1111111111111111,0.8888888888888888,go to a place to take a short break for personal needs,0,0,0,accept,0
day2_20260821/logs/audit_20260821_122656.jsonl#1,day2_20260821/logs/audit_20260821_122656.jsonl,1,E3,S1,go to a place to take a short break for personal needs,0fd61f9e82e8fe6991f0311014384e0c,6,False,,5,0,1.0,9,0.1111111111111111,0.8888888888888888,go to a place to take a short break for personal needs,0,0,0,accept,0
day2_20260821/logs/audit_20260821_131951.jsonl#1,day2_20260821/logs/audit_20260821_131951.jsonl,1,E7,L-P1,Where is CB203?,0fd61f9e82e8fe6991f0311014384e0c,6,False,,5,14,0.0,0,0.0,0.0,"It is too hot in here, take me somewhere I can get some fresh air",,23,22,abstain_below_threshold,
day2_20260821/logs/audit_20260821_132139.jsonl#1,day2_20260821/logs/audit_20260821_132139.jsonl,1,E7,L-P2,I need to work on a computer.,0fd61f9e82e8fe6991f0311014384e0c,6,False,,5,14,0.0,0,0.0,0.0,"It is too hot in here, take me somewhere I can get some fresh air",,15,5,abstain_below_threshold,
day2_20260821/logs/audit_20260821_132326.jsonl#1,day2_20260821/logs/audit_20260821_132326.jsonl,1,E7,L-P3,I have to attend a lab.,0fd61f9e82e8fe6991f0311014384e0c,6,False,,5,14,0.0,0,0.0,0.0,"It is too hot in here, take me somewhere I can get some fresh air",,5,5,abstain_below_threshold,
day2_20260821/logs/audit_20260821_132452.jsonl#1,day2_20260821/logs/audit_20260821_132452.jsonl,1,E7,L-P4,I'm late to class.,0fd61f9e82e8fe6991f0311014384e0c,6,False,,5,14,0.0,0,0.0,0.0,"It is too hot in here, take me somewhere I can get some fresh air",,9,5,abstain_below_threshold,
day2_20260821/logs/audit_20260821_132616.jsonl#1,day2_20260821/logs/audit_20260821_132616.jsonl,1,E7,T-P1,Where is the men toilet?,0fd61f9e82e8fe6991f0311014384e0c,6,False,,5,14,0.0,0,0.0,0.0,"It is too hot in here, take me somewhere I can get some fresh air",4,0,0,abstain_below_threshold,
day2_20260821/logs/audit_20260821_132710.jsonl#1,day2_20260821/logs/audit_20260821_132710.jsonl,1,E7,T-P2,How can I get some water?,0fd61f9e82e8fe6991f0311014384e0c,6,False,,5,14,0.1111111111111111,0,0.0,0.1111111111111111,"It is too hot in here, take me somewhere I can get some fresh air",,0,0,abstain_below_threshold,
day2_20260821/logs/audit_20260821_132810.jsonl#1,day2_20260821/logs/audit_20260821_132810.jsonl,1,E7,T-P3,Where can I wash my hands?,0fd61f9e82e8fe6991f0311014384e0c,6,False,,5,14,0.0,0,0.0,0.0,"It is too hot in here, take me somewhere I can get some fresh air",,0,0,abstain_below_threshold,
day2_20260821/logs/audit_20260821_132911.jsonl#1,day2_20260821/logs/audit_20260821_132911.jsonl,1,E7,T-P4,My hands are dirty.,0fd61f9e82e8fe6991f0311014384e0c,6,False,,5,14,0.0,0,0.0,0.0,"It is too hot in here, take me somewhere I can get some fresh air",,9,0,abstain_below_threshold,
day2_20260821/logs/audit_20260821_133032.jsonl#1,day2_20260821/logs/audit_20260821_133032.jsonl,1,E7,S-P1,Take me to stay on a chair.,0fd61f9e82e8fe6991f0311014384e0c,6,False,,5,9,0.16666666666666666,0,0.125,0.04166666666666666,Take me somewhere I can sit and relax,5,15,15,abstain_below_threshold,
day2_20260821/logs/audit_20260821_133151.jsonl#1,day2_20260821/logs/audit_20260821_133151.jsonl,1,E7,S-P2,I'm waiting for someone.,0fd61f9e82e8fe6991f0311014384e0c,6,False,,5,14,0.0,0,0.0,0.0,"It is too hot in here, take me somewhere I can get some fresh air",,,9,abstain_below_threshold,
day2_20260821/logs/audit_20260821_133316.jsonl#1,day2_20260821/logs/audit_20260821_133316.jsonl,1,E7,S-P3,I need to rest a bit.,0fd61f9e82e8fe6991f0311014384e0c,6,False,,5,14,0.0,0,0.0,0.0,"It is too hot in here, take me somewhere I can get some fresh air",,9,9,abstain_below_threshold,
day2_20260821/logs/audit_20260821_133431.jsonl#1,day2_20260821/logs/audit_20260821_133431.jsonl,1,E7,S-P4,I'm tired.,0fd61f9e82e8fe6991f0311014384e0c,6,False,,5,14,0.0,0,0.0,0.0,"It is too hot in here, take me somewhere I can get some fresh air",,9,9,abstain_below_threshold,
day2_20260821/logs/audit_20260821_133600.jsonl#1,day2_20260821/logs/audit_20260821_133600.jsonl,1,E7,W-P1,"Take me to a window, please.",0fd61f9e82e8fe6991f0311014384e0c,6,False,,5,9,0.2,0,0.14285714285714285,0.05714285714285716,Take me somewhere I can sit and relax,,14,14,abstain_below_threshold,
day2_20260821/logs/audit_20260821_133732.jsonl#1,day2_20260821/logs/audit_20260821_133732.jsonl,1,E7,W-P2,I'm looking for a plant or sunlight.,0fd61f9e82e8fe6991f0311014384e0c,6,False,,5,14,0.0,0,0.0,0.0,"It is too hot in here, take me somewhere I can get some fresh air",,14,13,abstain_below_threshold,
day2_20260821/logs/audit_20260821_133902.jsonl#1,day2_20260821/logs/audit_20260821_133902.jsonl,1,E7,W-P3,Where can I get some fresh air?,0fd61f9e82e8fe6991f0311014384e0c,6,False,,5,14,0.375,0,0.0,0.375,"It is too hot in here, take me somewhere I can get some fresh air",,14,14,abstain_below_threshold,
day2_20260821/logs/audit_20260821_134044.jsonl#1,day2_20260821/logs/audit_20260821_134044.jsonl,1,E7,W-P4,Where can I relax a bit?,0fd61f9e82e8fe6991f0311014384e0c,6,False,,5,9,0.2,14,0.0,0.2,Take me somewhere I can sit and relax,,9,9,abstain_below_threshold,
day2_20260821/logs/audit_20260821_134202.jsonl#1,day2_20260821/logs/audit_20260821_134202.jsonl,1,E7,P-P1,Show me a flower.,0fd61f9e82e8fe6991f0311014384e0c,6,False,,5,14,0.0,0,0.0,0.0,"It is too hot in here, take me somewhere I can get some fresh air",,13,13,abstain_below_threshold,
day2_20260821/logs/audit_20260821_134402.jsonl#1,day2_20260821/logs/audit_20260821_134402.jsonl,1,E7,P-P2,Take me to a green zone.,0fd61f9e82e8fe6991f0311014384e0c,6,False,,5,9,0.16666666666666666,0,0.125,0.04166666666666666,Take me somewhere I can sit and relax,,20,13,abstain_below_threshold,
day2_20260821/logs/audit_20260821_134532.jsonl#1,day2_20260821/logs/audit_20260821_134532.jsonl,1,E7,P-P3,Where can I refresh?,0fd61f9e82e8fe6991f0311014384e0c,6,False,,5,14,0.0,0,0.0,0.0,"It is too hot in here, take me somewhere I can get some fresh air",,9,14,abstain_below_threshold,
day2_20260821/logs/audit_20260821_134645.jsonl#1,day2_20260821/logs/audit_20260821_134645.jsonl,1,E7,P-P4,I'm looking for a green spot.,0fd61f9e82e8fe6991f0311014384e0c,6,False,,5,14,0.0,0,0.0,0.0,"It is too hot in here, take me somewhere I can get some fresh air",,,13,abstain_below_threshold,
day2_20260821/logs/audit_20260821_134743.jsonl#1,day2_20260821/logs/audit_20260821_134743.jsonl,1,E7,H-P1,Where is the hall exit?,0fd61f9e82e8fe6991f0311014384e0c,6,False,,5,14,0.0,0,0.0,0.0,"It is too hot in here, take me somewhere I can get some fresh air",2,2,2,abstain_below_threshold,
day2_20260821/logs/audit_20260821_134844.jsonl#1,day2_20260821/logs/audit_20260821_134844.jsonl,1,E7,H-P2,I need to go to the other location.,0fd61f9e82e8fe6991f0311014384e0c,6,False,,5,14,0.0,0,0.0,0.0,"It is too hot in here, take me somewhere I can get some fresh air",,9,,abstain_below_threshold,
day2_20260821/logs/audit_20260821_135001.jsonl#1,day2_20260821/logs/audit_20260821_135001.jsonl,1,E7,H-P3,I need to go out.,0fd61f9e82e8fe6991f0311014384e0c,6,False,,5,14,0.0,0,0.0,0.0,"It is too hot in here, take me somewhere I can get some fresh air",,,1,abstain_below_threshold,
day2_20260821/logs/audit_20260821_135113.jsonl#1,day2_20260821/logs/audit_20260821_135113.jsonl,1,E7,H-P4,I'm ready to move away.,0fd61f9e82e8fe6991f0311014384e0c,6,False,,5,14,0.0,0,0.0,0.0,"It is too hot in here, take me somewhere I can get some fresh air",,9,1,abstain_below_threshold,
day2_20260821/logs/audit_20260821_135113.jsonl#2,day2_20260821/logs/audit_20260821_135113.jsonl,2,E7,H-P4,I'm ready to move away.,0fd61f9e82e8fe6991f0311014384e0c,6,False,,5,14,0.0,0,0.0,0.0,"It is too hot in here, take me somewhere I can get some fresh air",,9,1,abstain_below_threshold,
day2_20260821/logs/audit_20260821_135311.jsonl#1,day2_20260821/logs/audit_20260821_135311.jsonl,1,E7,G-1,Where is the class lab?,0fd61f9e82e8fe6991f0311014384e0c,6,False,,5,14,0.0,0,0.0,0.0,"It is too hot in here, take me somewhere I can get some fresh air",,5,5,abstain_below_threshold,
day2_20260821/logs/audit_20260821_135419.jsonl#1,day2_20260821/logs/audit_20260821_135419.jsonl,1,E7,G-2,I want to wait for someone who is finishing the lab in CB203.,0fd61f9e82e8fe6991f0311014384e0c,6,False,,5,14,0.0,0,0.0,0.0,"It is too hot in here, take me somewhere I can get some fresh air",,23,23,abstain_below_threshold,
day2_20260821/logs/audit_20260821_135551.jsonl#1,day2_20260821/logs/audit_20260821_135551.jsonl,1,E7,G-3,Where is the H sign?,0fd61f9e82e8fe6991f0311014384e0c,6,False,,5,14,0.0,0,0.0,0.0,"It is too hot in here, take me somewhere I can get some fresh air",5,23,,abstain_below_threshold,
day2_20260821/logs/audit_20260821_135704.jsonl#1,day2_20260821/logs/audit_20260821_135704.jsonl,1,E7,G-4,Where is the closest chair?,0fd61f9e82e8fe6991f0311014384e0c,6,False,,5,14,0.0,0,0.0,0.0,"It is too hot in here, take me somewhere I can get some fresh air",5,15,15,abstain_below_threshold,
day2_20260821/logs/audit_20260821_143549.jsonl#1,day2_20260821/logs/audit_20260821_143549.jsonl,1,E4,P1,take me to the place where deliveries arrive,0fd61f9e82e8fe6991f0311014384e0c,6,False,,5,0,0.25,9,0.14285714285714285,0.10714285714285715,go to a place to take a short break for personal needs,,8,,abstain_below_threshold,
day2_20260821/logs/audit_20260821_143713.jsonl#1,day2_20260821/logs/audit_20260821_143713.jsonl,1,E4,P2,find me a quiet corner to read,0fd61f9e82e8fe6991f0311014384e0c,6,False,,5,8,0.1111111111111111,14,0.0,0.1111111111111111,"the washroom got on fire, help me find something to stop the fire",,9,,abstain_below_threshold,
day2_20260821/logs/audit_20260821_143913.jsonl#1,day2_20260821/logs/audit_20260821_143913.jsonl,1,E4,P1,take me to the place where deliveries arrive,0fd61f9e82e8fe6991f0311014384e0c,6,False,,5,0,0.25,9,0.14285714285714285,0.10714285714285715,go to a place to take a short break for personal needs,,10,,abstain_below_threshold,
day2_20260821/logs/audit_20260821_144018.jsonl#1,day2_20260821/logs/audit_20260821_144018.jsonl,1,E4,P2,find me a quiet corner to read,0fd61f9e82e8fe6991f0311014384e0c,6,False,,5,8,0.1111111111111111,14,0.0,0.1111111111111111,"the washroom got on fire, help me find something to stop the fire",,9,,abstain_below_threshold,
day2_20260821/logs/audit_20260821_144154.jsonl#1,day2_20260821/logs/audit_20260821_144154.jsonl,1,E4,P1,take me to the place where deliveries arrive,0fd61f9e82e8fe6991f0311014384e0c,6,False,,5,0,0.25,9,0.14285714285714285,0.10714285714285715,go to a place to take a short break for personal needs,,,,abstain_below_threshold,
day2_20260821/logs/audit_20260821_144333.jsonl#1,day2_20260821/logs/audit_20260821_144333.jsonl,1,E4,P2,find me a quiet corner to read,0fd61f9e82e8fe6991f0311014384e0c,6,False,,5,8,0.1111111111111111,14,0.0,0.1111111111111111,"the washroom got on fire, help me find something to stop the fire",,15,,abstain_below_threshold,
day2_20260821/logs/audit_20260821_144452.jsonl#1,day2_20260821/logs/audit_20260821_144452.jsonl,1,E4,P1,take me to the place where deliveries arrive,0fd61f9e82e8fe6991f0311014384e0c,6,False,,5,0,0.25,9,0.14285714285714285,0.10714285714285715,go to a place to take a short break for personal needs,,10,,abstain_below_threshold,
day2_20260821/logs/audit_20260821_144613.jsonl#1,day2_20260821/logs/audit_20260821_144613.jsonl,1,E4,P2,find me a quiet corner to read,0fd61f9e82e8fe6991f0311014384e0c,6,False,,5,8,0.1111111111111111,14,0.0,0.1111111111111111,"the washroom got on fire, help me find something to stop the fire",,9,,abstain_below_threshold,
day2_20260821/logs/audit_20260821_144722.jsonl#1,day2_20260821/logs/audit_20260821_144722.jsonl,1,E4,P1,take me to the place where deliveries arrive,0fd61f9e82e8fe6991f0311014384e0c,6,False,,5,0,0.25,9,0.14285714285714285,0.10714285714285715,go to a place to take a short break for personal needs,,5,,abstain_below_threshold,
day2_20260821/logs/audit_20260821_144850.jsonl#1,day2_20260821/logs/audit_20260821_144850.jsonl,1,E4,P2,find me a quiet corner to read,0fd61f9e82e8fe6991f0311014384e0c,6,False,,5,8,0.1111111111111111,14,0.0,0.1111111111111111,"the washroom got on fire, help me find something to stop the fire",,9,,abstain_below_threshold,
day2_20260821/logs/audit_20260821_151342.jsonl#1,day2_20260821/logs/audit_20260821_151342.jsonl,1,E4,P1,take me to the place where deliveries arrive,0fd61f9e82e8fe6991f0311014384e0c,6,False,,5,0,0.25,9,0.14285714285714285,0.10714285714285715,go to a place to take a short break for personal needs,,,,abstain_below_threshold,
day2_20260821/logs/audit_20260821_151517.jsonl#1,day2_20260821/logs/audit_20260821_151517.jsonl,1,E4,P2,find me a quiet corner to read,0fd61f9e82e8fe6991f0311014384e0c,6,False,,5,8,0.1111111111111111,14,0.0,0.1111111111111111,"the washroom got on fire, help me find something to stop the fire",,,,abstain_below_threshold,
day2_20260821/logs/audit_20260821_151846.jsonl#1,day2_20260821/logs/audit_20260821_151846.jsonl,1,E4,P1,take me to the place where deliveries arrive,0fd61f9e82e8fe6991f0311014384e0c,6,False,,5,0,0.25,9,0.14285714285714285,0.10714285714285715,go to a place to take a short break for personal needs,,,,abstain_below_threshold,
day2_20260821/logs/audit_20260821_152359.jsonl#1,day2_20260821/logs/audit_20260821_152359.jsonl,1,E4,P2,find me a quiet corner to read,0fd61f9e82e8fe6991f0311014384e0c,6,False,,5,8,0.1111111111111111,14,0.0,0.1111111111111111,"the washroom got on fire, help me find something to stop the fire",,9,,abstain_below_threshold,
day2_20260821/logs/audit_20260821_152524.jsonl#1,day2_20260821/logs/audit_20260821_152524.jsonl,1,E4,P1,take me to the place where deliveries arrive,0fd61f9e82e8fe6991f0311014384e0c,6,False,,5,0,0.25,9,0.14285714285714285,0.10714285714285715,go to a place to take a short break for personal needs,,8,,abstain_below_threshold,
day2_20260821/logs/audit_20260821_152624.jsonl#1,day2_20260821/logs/audit_20260821_152624.jsonl,1,E4,P2,find me a quiet corner to read,0fd61f9e82e8fe6991f0311014384e0c,6,False,,5,8,0.1111111111111111,14,0.0,0.1111111111111111,"the washroom got on fire, help me find something to stop the fire",,9,,abstain_below_threshold,
day2_20260821/logs/audit_20260821_152624.jsonl#2,day2_20260821/logs/audit_20260821_152624.jsonl,2,E4,P2,find me a quiet corner to read,0fd61f9e82e8fe6991f0311014384e0c,6,False,,5,8,0.1111111111111111,14,0.0,0.1111111111111111,"the washroom got on fire, help me find something to stop the fire",,,,abstain_below_threshold,
day2_20260821/logs/audit_20260821_153019.jsonl#1,day2_20260821/logs/audit_20260821_153019.jsonl,1,E4,P1,take me to the place where deliveries arrive,0fd61f9e82e8fe6991f0311014384e0c,6,False,,5,0,0.25,9,0.14285714285714285,0.10714285714285715,go to a place to take a short break for personal needs,,,,abstain_below_threshold,
day2_20260821/logs/audit_20260821_153221.jsonl#1,day2_20260821/logs/audit_20260821_153221.jsonl,1,E4,P2,find me a quiet corner to read,0fd61f9e82e8fe6991f0311014384e0c,6,False,,5,8,0.1111111111111111,14,0.0,0.1111111111111111,"the washroom got on fire, help me find something to stop the fire",,,,abstain_below_threshold,
day2_20260821/logs/audit_20260821_153343.jsonl#1,day2_20260821/logs/audit_20260821_153343.jsonl,1,E4,NEG1,I need to warm up,0fd61f9e82e8fe6991f0311014384e0c,6,False,,5,14,0.0,0,0.0,0.0,"It is too hot in here, take me somewhere I can get some fresh air",,9,,abstain_below_threshold,
day2_20260821/logs/audit_20260821_153343.jsonl#2,day2_20260821/logs/audit_20260821_153343.jsonl,2,E4,NEG1,I need to warm up,0fd61f9e82e8fe6991f0311014384e0c,6,False,,5,14,0.0,0,0.0,0.0,"It is too hot in here, take me somewhere I can get some fresh air",,9,,abstain_below_threshold,
day2_20260821/logs/audit_20260821_153503.jsonl#1,day2_20260821/logs/audit_20260821_153503.jsonl,1,E4,NEG2,take me to the greenest corner of the building,0fd61f9e82e8fe6991f0311014384e0c,6,False,,5,9,0.14285714285714285,0,0.1111111111111111,0.031746031746031744,Take me somewhere I can sit and relax,,14,,abstain_below_threshold,
day2_20260821/logs/audit_20260821_153503.jsonl#2,day2_20260821/logs/audit_20260821_153503.jsonl,2,E4,NEG2,take me to the greenest corner of the building,0fd61f9e82e8fe6991f0311014384e0c,6,False,,5,9,0.14285714285714285,0,0.1111111111111111,0.031746031746031744,Take me somewhere I can sit and relax,,15,,abstain_below_threshold,
day2_20260821/logs/audit_20260821_164323.jsonl#1,day2_20260821/logs/audit_20260821_164323.jsonl,1,E5,pair1,I need to use the restroom,0fd61f9e82e8fe6991f0311014384e0c,6,False,,5,14,0.0,0,0.0,0.0,"It is too hot in here, take me somewhere I can get some fresh air",,0,,abstain_below_threshold,
day2_20260821/logs/audit_20260821_164326.jsonl#1,day2_20260821/logs/audit_20260821_164326.jsonl,1,E5,pair1,I would like to be near the plants,0fd61f9e82e8fe6991f0311014384e0c,6,False,,5,14,0.0,0,0.0,0.0,"It is too hot in here, take me somewhere I can get some fresh air",,15,,abstain_below_threshold,
day2_20260821/logs/audit_20260821_164941.jsonl#1,day2_20260821/logs/audit_20260821_164941.jsonl,1,E5,pair2,point me to a restroom please,0fd61f9e82e8fe6991f0311014384e0c,6,False,,5,14,0.0,0,0.0,0.0,"It is too hot in here, take me somewhere I can get some fresh air",,0,,abstain_below_threshold,
day2_20260821/logs/audit_20260821_164945.jsonl#1,day2_20260821/logs/audit_20260821_164945.jsonl,1,E5,pair2,take me next to a potted plant,0fd61f9e82e8fe6991f0311014384e0c,6,False,,5,9,0.14285714285714285,0,0.1111111111111111,0.031746031746031744,Take me somewhere I can sit and relax,,13,,abstain_below_threshold,
day2_20260821/logs/audit_20260821_165317.jsonl#1,day2_20260821/logs/audit_20260821_165317.jsonl,1,E5,pair3,I am looking for a restroom,0fd61f9e82e8fe6991f0311014384e0c,6,False,,5,14,0.0,0,0.0,0.0,"It is too hot in here, take me somewhere I can get some fresh air",,0,,abstain_below_threshold,
day2_20260821/logs/audit_20260821_165320.jsonl#1,day2_20260821/logs/audit_20260821_165320.jsonl,1,E5,pair3,show me where the potted plants are,0fd61f9e82e8fe6991f0311014384e0c,6,False,,5,14,0.0,0,0.0,0.0,"It is too hot in here, take me somewhere I can get some fresh air",,14,,abstain_below_threshold,
day2_20260821/logs/audit_20260821_172025.jsonl#1,day2_20260821/logs/audit_20260821_172025.jsonl,1,E4b,E4b-G,"my gloves are wet, where can I dry them",0fd61f9e82e8fe6991f0311014384e0c,6,False,,5,14,0.0,0,0.0,0.0,"It is too hot in here, take me somewhere I can get some fresh air",,9,,abstain_below_threshold,
day2_20260821/logs/audit_20260821_172417.jsonl#1,day2_20260821/logs/audit_20260821_172417.jsonl,1,E4b,E4b-G,"my gloves are wet, where can I dry them",0fd61f9e82e8fe6991f0311014384e0c,6,False,,5,14,0.0,0,0.0,0.0,"It is too hot in here, take me somewhere I can get some fresh air",,9,,abstain_below_threshold,
day2_20260821/logs/audit_20260821_172547.jsonl#1,day2_20260821/logs/audit_20260821_172547.jsonl,1,E4b,E4b-G,"my gloves are wet, where can I dry them",0fd61f9e82e8fe6991f0311014384e0c,6,False,,5,14,0.0,0,0.0,0.0,"It is too hot in here, take me somewhere I can get some fresh air",,9,,abstain_below_threshold,
day2_20260821/logs/audit_20260821_172706.jsonl#1,day2_20260821/logs/audit_20260821_172706.jsonl,1,E4b,E4b-G,"my gloves are wet, where can I dry them",0fd61f9e82e8fe6991f0311014384e0c,6,False,,5,14,0.0,0,0.0,0.0,"It is too hot in here, take me somewhere I can get some fresh air",,9,,abstain_below_threshold,
day2_20260821/logs/audit_20260821_172836.jsonl#1,day2_20260821/logs/audit_20260821_172836.jsonl,1,E4b,E4b-G,"my gloves are wet, where can I dry them",0fd61f9e82e8fe6991f0311014384e0c,6,False,,5,14,0.0,0,0.0,0.0,"It is too hot in here, take me somewhere I can get some fresh air",,9,,abstain_below_threshold,
day2_20260821/logs/audit_20260821_173339.jsonl#1,day2_20260821/logs/audit_20260821_173339.jsonl,1,E4b,E4b-G,"my gloves are wet, where can I dry them",5b3f14bc71a1896da5b29a4e655479fa,1,False,,1,9,1.0,,,,"my gloves are wet, where can I dry them",0,9,,accept,9
day2_20260821/logs/audit_20260821_173514.jsonl#1,day2_20260821/logs/audit_20260821_173514.jsonl,1,E4b,E4b-G,"my gloves are wet, where can I dry them",5b3f14bc71a1896da5b29a4e655479fa,1,False,,1,9,1.0,,,,"my gloves are wet, where can I dry them",0,9,,accept,9
day2_20260821/logs/audit_20260821_173618.jsonl#1,day2_20260821/logs/audit_20260821_173618.jsonl,1,E4b,E4b-G,"my gloves are wet, where can I dry them",5b3f14bc71a1896da5b29a4e655479fa,1,False,,1,9,1.0,,,,"my gloves are wet, where can I dry them",0,9,,accept,9
day2_20260821/logs/audit_20260821_173717.jsonl#1,day2_20260821/logs/audit_20260821_173717.jsonl,1,E4b,E4b-G,"my gloves are wet, where can I dry them",5b3f14bc71a1896da5b29a4e655479fa,1,False,,1,9,1.0,,,,"my gloves are wet, where can I dry them",0,9,,accept,9
day2_20260821/logs/audit_20260821_173949.jsonl#1,day2_20260821/logs/audit_20260821_173949.jsonl,1,E4b,E4b-NEG,I need to warm up,5b3f14bc71a1896da5b29a4e655479fa,1,False,,1,9,0.0,,,,"my gloves are wet, where can I dry them",,9,,abstain_below_threshold,
